Year,State,State_Year,Eligible_Households
2006,ALABAMA,ALABAMA 2006,578399
2007,ALABAMA,ALABAMA 2007,581226
2008,ALABAMA,ALABAMA 2008,581226
2009,ALABAMA,ALABAMA 2009,575474
2010,ALABAMA,ALABAMA 2010,570228
2011,ALABAMA,ALABAMA 2011,618693
2012,ALABAMA,ALABAMA 2012,618693
2013,ALABAMA,ALABAMA 2013,606739
2014,ALABAMA,ALABAMA 2014,600043
2015,ALABAMA,ALABAMA 2015,598659
2016,ALABAMA,ALABAMA 2016,600044
2017,ALABAMA,ALABAMA 2017,597533
2018,ALABAMA,ALABAMA 2018,589952
2019,ALABAMA,ALABAMA 2019,575106
2006,ALASKA,ALASKA 2006,59798
2007,ALASKA,ALASKA 2007,60314
2008,ALASKA,ALASKA 2008,60389
2009,ALASKA,ALASKA 2009,46322
2010,ALASKA,ALASKA 2010,57749
2011,ALASKA,ALASKA 2011,62060
2012,ALASKA,ALASKA 2012,62060
2013,ALASKA,ALASKA 2013,65436
2014,ALASKA,ALASKA 2014,61548
2015,ALASKA,ALASKA 2015,63236
2016,ALASKA,ALASKA 2016,63425
2017,ALASKA,ALASKA 2017,63445
2018,ALASKA,ALASKA 2018,65823
2019,ALASKA,ALASKA 2019,64999
2006,ARIZONA,ARIZONA 2006,571789
2007,ARIZONA,ARIZONA 2007,552379
2008,ARIZONA,ARIZONA 2008,552379
2009,ARIZONA,ARIZONA 2009,604487
2010,ARIZONA,ARIZONA 2010,668996
2011,ARIZONA,ARIZONA 2011,729566
2012,ARIZONA,ARIZONA 2012,729566
2013,ARIZONA,ARIZONA 2013,724592
2014,ARIZONA,ARIZONA 2014,696714
2015,ARIZONA,ARIZONA 2015,664660
2016,ARIZONA,ARIZONA 2016,653338
2017,ARIZONA,ARIZONA 2017,655219
2018,ARIZONA,ARIZONA 2018,654898
2019,ARIZONA,ARIZONA 2019,637191
2006,ARKANSAS,ARKANSAS 2006,321517
2007,ARKANSAS,ARKANSAS 2007,321981
2008,ARKANSAS,ARKANSAS 2008,321981
2009,ARKANSAS,ARKANSAS 2009,327423
2010,ARKANSAS,ARKANSAS 2010,332502
2011,ARKANSAS,ARKANSAS 2011,343888
2012,ARKANSAS,ARKANSAS 2012,343888
2013,ARKANSAS,ARKANSAS 2013,339850
2014,ARKANSAS,ARKANSAS 2014,343475
2015,ARKANSAS,ARKANSAS 2015,336564
2016,ARKANSAS,ARKANSAS 2016,343462
2017,ARKANSAS,ARKANSAS 2017,336480
2018,ARKANSAS,ARKANSAS 2018,333739
2019,ARKANSAS,ARKANSAS 2019,326686
2006,CALIFORNIA,CALIFORNIA 2006,3449607
2007,CALIFORNIA,CALIFORNIA 2007,3403230
2008,CALIFORNIA,CALIFORNIA 2008,3403230
2009,CALIFORNIA,CALIFORNIA 2009,3504925
2010,CALIFORNIA,CALIFORNIA 2010,3731650
2011,CALIFORNIA,CALIFORNIA 2011,3972995
2012,CALIFORNIA,CALIFORNIA 2012,3972995
2013,CALIFORNIA,CALIFORNIA 2013,3980034
2014,CALIFORNIA,CALIFORNIA 2014,3964208
2015,CALIFORNIA,CALIFORNIA 2015,3882439
2016,CALIFORNIA,CALIFORNIA 2016,3774978
2017,CALIFORNIA,CALIFORNIA 2017,3716264
2018,CALIFORNIA,CALIFORNIA 2018,3708530
2019,CALIFORNIA,CALIFORNIA 2019,3515072
2006,COLORADO,COLORADO 2006,516354
2007,COLORADO,COLORADO 2007,510809
2008,COLORADO,COLORADO 2008,510809
2009,COLORADO,COLORADO 2009,511744
2010,COLORADO,COLORADO 2010,544370
2011,COLORADO,COLORADO 2011,579321
2012,COLORADO,COLORADO 2012,579321
2013,COLORADO,COLORADO 2013,583552
2014,COLORADO,COLORADO 2014,581340
2015,COLORADO,COLORADO 2015,592337
2016,COLORADO,COLORADO 2016,583409
2017,COLORADO,COLORADO 2017,583310
2018,COLORADO,COLORADO 2018,573289
2019,COLORADO,COLORADO 2019,557697
2006,CONNECTICUT,CONNECTICUT 2006,377347
2007,CONNECTICUT,CONNECTICUT 2007,375961
2008,CONNECTICUT,CONNECTICUT 2008,375961
2009,CONNECTICUT,CONNECTICUT 2009,387027
2010,CONNECTICUT,CONNECTICUT 2010,427180
2011,CONNECTICUT,CONNECTICUT 2011,446544
2012,CONNECTICUT,CONNECTICUT 2012,446544
2013,CONNECTICUT,CONNECTICUT 2013,447461
2014,CONNECTICUT,CONNECTICUT 2014,439760
2015,CONNECTICUT,CONNECTICUT 2015,436824
2016,CONNECTICUT,CONNECTICUT 2016,434957
2017,CONNECTICUT,CONNECTICUT 2017,433877
2018,CONNECTICUT,CONNECTICUT 2018,430825
2019,CONNECTICUT,CONNECTICUT 2019,424233
2006,DELAWARE,DELAWARE 2006,86347
2007,DELAWARE,DELAWARE 2007,87917
2008,DELAWARE,DELAWARE 2008,87917
2009,DELAWARE,DELAWARE 2009,91924
2010,DELAWARE,DELAWARE 2010,95790
2011,DELAWARE,DELAWARE 2011,101632
2012,DELAWARE,DELAWARE 2012,101632
2013,DELAWARE,DELAWARE 2013,99462
2014,DELAWARE,DELAWARE 2014,101929
2015,DELAWARE,DELAWARE 2015,98932
2016,DELAWARE,DELAWARE 2016,101355
2017,DELAWARE,DELAWARE 2017,100045
2018,DELAWARE,DELAWARE 2018,101882
2019,DELAWARE,DELAWARE 2019,101561
2006,DISTRICT OF COLUMBIA,DISTRICT OF COLUMBIA 2006,63796
2007,DISTRICT OF COLUMBIA,DISTRICT OF COLUMBIA 2007,64136
2008,DISTRICT OF COLUMBIA,DISTRICT OF COLUMBIA 2008,64136
2009,DISTRICT OF COLUMBIA,DISTRICT OF COLUMBIA 2009,66297
2010,DISTRICT OF COLUMBIA,DISTRICT OF COLUMBIA 2010,62347
2011,DISTRICT OF COLUMBIA,DISTRICT OF COLUMBIA 2011,64182
2012,DISTRICT OF COLUMBIA,DISTRICT OF COLUMBIA 2012,64182
2013,DISTRICT OF COLUMBIA,DISTRICT OF COLUMBIA 2013,63967
2014,DISTRICT OF COLUMBIA,DISTRICT OF COLUMBIA 2014,71007
2015,DISTRICT OF COLUMBIA,DISTRICT OF COLUMBIA 2015,80213
2016,DISTRICT OF COLUMBIA,DISTRICT OF COLUMBIA 2016,87721
2017,DISTRICT OF COLUMBIA,DISTRICT OF COLUMBIA 2017,75822
2018,DISTRICT OF COLUMBIA,DISTRICT OF COLUMBIA 2018,82290
2019,DISTRICT OF COLUMBIA,DISTRICT OF COLUMBIA 2019,78309
2006,FLORIDA,FLORIDA 2006,1873040
2007,FLORIDA,FLORIDA 2007,1842493
2008,FLORIDA,FLORIDA 2008,1842493
2009,FLORIDA,FLORIDA 2009,1946100
2010,FLORIDA,FLORIDA 2010,2115225
2011,FLORIDA,FLORIDA 2011,2256727
2012,FLORIDA,FLORIDA 2012,2256727
2013,FLORIDA,FLORIDA 2013,2208205
2014,FLORIDA,FLORIDA 2014,2140515
2015,FLORIDA,FLORIDA 2015,2086727
2016,FLORIDA,FLORIDA 2016,2064399
2017,FLORIDA,FLORIDA 2017,2050786
2018,FLORIDA,FLORIDA 2018,2044074
2019,FLORIDA,FLORIDA 2019,1975974
2006,GEORGIA,GEORGIA 2006,981849
2007,GEORGIA,GEORGIA 2007,952578
2008,GEORGIA,GEORGIA 2008,952578
2009,GEORGIA,GEORGIA 2009,1017950
2010,GEORGIA,GEORGIA 2010,1107784
2011,GEORGIA,GEORGIA 2011,1161262
2012,GEORGIA,GEORGIA 2012,1161262
2013,GEORGIA,GEORGIA 2013,1150442
2014,GEORGIA,GEORGIA 2014,1113914
2015,GEORGIA,GEORGIA 2015,1097605
2016,GEORGIA,GEORGIA 2016,1083988
2017,GEORGIA,GEORGIA 2017,1077243
2018,GEORGIA,GEORGIA 2018,1058459
2019,GEORGIA,GEORGIA 2019,1015917
2006,HAWAII,HAWAII 2006,106510
2007,HAWAII,HAWAII 2007,103726
2008,HAWAII,HAWAII 2008,103926
2009,HAWAII,HAWAII 2009,120192
2010,HAWAII,HAWAII 2010,120767
2011,HAWAII,HAWAII 2011,133230
2012,HAWAII,HAWAII 2012,133230
2013,HAWAII,HAWAII 2013,128521
2014,HAWAII,HAWAII 2014,126864
2015,HAWAII,HAWAII 2015,117901
2016,HAWAII,HAWAII 2016,113015
2017,HAWAII,HAWAII 2017,114245
2018,HAWAII,HAWAII 2018,113359
2019,HAWAII,HAWAII 2019,110693
2006,IDAHO,IDAHO 2006,139711
2007,IDAHO,IDAHO 2007,140280
2008,IDAHO,IDAHO 2008,140280
2009,IDAHO,IDAHO 2009,141209
2010,IDAHO,IDAHO 2010,157633
2011,IDAHO,IDAHO 2011,169526
2012,IDAHO,IDAHO 2012,169526
2013,IDAHO,IDAHO 2013,162831
2014,IDAHO,IDAHO 2014,158438
2015,IDAHO,IDAHO 2015,154542
2016,IDAHO,IDAHO 2016,154560
2017,IDAHO,IDAHO 2017,152227
2018,IDAHO,IDAHO 2018,154042
2019,IDAHO,IDAHO 2019,149489
2006,ILLINOIS,ILLINOIS 2006,1419684
2007,ILLINOIS,ILLINOIS 2007,1393107
2008,ILLINOIS,ILLINOIS 2008,1393107
2009,ILLINOIS,ILLINOIS 2009,1398681
2010,ILLINOIS,ILLINOIS 2010,1456346
2011,ILLINOIS,ILLINOIS 2011,1532107
2012,ILLINOIS,ILLINOIS 2012,1532107
2013,ILLINOIS,ILLINOIS 2013,1516472
2014,ILLINOIS,ILLINOIS 2014,1510993
2015,ILLINOIS,ILLINOIS 2015,1491484
2016,ILLINOIS,ILLINOIS 2016,1471574
2017,ILLINOIS,ILLINOIS 2017,1472442
2018,ILLINOIS,ILLINOIS 2018,1467814
2019,ILLINOIS,ILLINOIS 2019,1430528
2006,INDIANA,INDIANA 2006,712787
2007,INDIANA,INDIANA 2007,702210
2008,INDIANA,INDIANA 2008,702210
2009,INDIANA,INDIANA 2009,716231
2010,INDIANA,INDIANA 2010,735312
2011,INDIANA,INDIANA 2011,769995
2012,INDIANA,INDIANA 2012,769995
2013,INDIANA,INDIANA 2013,752121
2014,INDIANA,INDIANA 2014,749412
2015,INDIANA,INDIANA 2015,741875
2016,INDIANA,INDIANA 2016,733638
2017,INDIANA,INDIANA 2017,735341
2018,INDIANA,INDIANA 2018,717722
2019,INDIANA,INDIANA 2019,690086
2006,IOWA,IOWA 2006,339104
2007,IOWA,IOWA 2007,340260
2008,IOWA,IOWA 2008,340260
2009,IOWA,IOWA 2009,328668
2010,IOWA,IOWA 2010,341388
2011,IOWA,IOWA 2011,352806
2012,IOWA,IOWA 2012,352806
2013,IOWA,IOWA 2013,350942
2014,IOWA,IOWA 2014,347131
2015,IOWA,IOWA 2015,359096
2016,IOWA,IOWA 2016,356306
2017,IOWA,IOWA 2017,361096
2018,IOWA,IOWA 2018,351929
2019,IOWA,IOWA 2019,340625
2006,KANSAS,KANSAS 2006,317441
2007,KANSAS,KANSAS 2007,313971
2008,KANSAS,KANSAS 2008,313971
2009,KANSAS,KANSAS 2009,305643
2010,KANSAS,KANSAS 2010,315143
2011,KANSAS,KANSAS 2011,330807
2012,KANSAS,KANSAS 2012,330807
2013,KANSAS,KANSAS 2013,320744
2014,KANSAS,KANSAS 2014,314904
2015,KANSAS,KANSAS 2015,321227
2016,KANSAS,KANSAS 2016,322302
2017,KANSAS,KANSAS 2017,315572
2018,KANSAS,KANSAS 2018,313273
2019,KANSAS,KANSAS 2019,307940
2006,KENTUCKY,KENTUCKY 2006,508743
2007,KENTUCKY,KENTUCKY 2007,512456
2008,KENTUCKY,KENTUCKY 2008,512456
2009,KENTUCKY,KENTUCKY 2009,535079
2010,KENTUCKY,KENTUCKY 2010,541910
2011,KENTUCKY,KENTUCKY 2011,568737
2012,KENTUCKY,KENTUCKY 2012,568737
2013,KENTUCKY,KENTUCKY 2013,556865
2014,KENTUCKY,KENTUCKY 2014,550567
2015,KENTUCKY,KENTUCKY 2015,560390
2016,KENTUCKY,KENTUCKY 2016,560478
2017,KENTUCKY,KENTUCKY 2017,573913
2018,KENTUCKY,KENTUCKY 2018,560836
2019,KENTUCKY,KENTUCKY 2019,545139
2006,LOUISIANA,LOUISIANA 2006,507114
2007,LOUISIANA,LOUISIANA 2007,499502
2008,LOUISIANA,LOUISIANA 2008,499502
2009,LOUISIANA,LOUISIANA 2009,512800
2010,LOUISIANA,LOUISIANA 2010,522757
2011,LOUISIANA,LOUISIANA 2011,569823
2012,LOUISIANA,LOUISIANA 2012,569823
2013,LOUISIANA,LOUISIANA 2013,583017
2014,LOUISIANA,LOUISIANA 2014,591845
2015,LOUISIANA,LOUISIANA 2015,598119
2016,LOUISIANA,LOUISIANA 2016,599077
2017,LOUISIANA,LOUISIANA 2017,609045
2018,LOUISIANA,LOUISIANA 2018,611206
2019,LOUISIANA,LOUISIANA 2019,596676
2006,MAINE,MAINE 2006,148013
2007,MAINE,MAINE 2007,153761
2008,MAINE,MAINE 2008,153761
2009,MAINE,MAINE 2009,149241
2010,MAINE,MAINE 2010,163055
2011,MAINE,MAINE 2011,168263
2012,MAINE,MAINE 2012,168263
2013,MAINE,MAINE 2013,165044
2014,MAINE,MAINE 2014,171101
2015,MAINE,MAINE 2015,172745
2016,MAINE,MAINE 2016,175531
2017,MAINE,MAINE 2017,170798
2018,MAINE,MAINE 2018,167128
2019,MAINE,MAINE 2019,160941
2006,MARYLAND,MARYLAND 2006,537967
2007,MARYLAND,MARYLAND 2007,541862
2008,MARYLAND,MARYLAND 2008,541862
2009,MARYLAND,MARYLAND 2009,571665
2010,MARYLAND,MARYLAND 2010,611791
2011,MARYLAND,MARYLAND 2011,645736
2012,MARYLAND,MARYLAND 2012,645736
2013,MARYLAND,MARYLAND 2013,651176
2014,MARYLAND,MARYLAND 2014,652002
2015,MARYLAND,MARYLAND 2015,664597
2016,MARYLAND,MARYLAND 2016,661791
2017,MARYLAND,MARYLAND 2017,658770
2018,MARYLAND,MARYLAND 2018,646002
2019,MARYLAND,MARYLAND 2019,624821
2006,MASSACHUSETTS,MASSACHUSETTS 2006,741928
2007,MASSACHUSETTS,MASSACHUSETTS 2007,739325
2008,MASSACHUSETTS,MASSACHUSETTS 2008,739325
2009,MASSACHUSETTS,MASSACHUSETTS 2009,728137
2010,MASSACHUSETTS,MASSACHUSETTS 2010,801021
2011,MASSACHUSETTS,MASSACHUSETTS 2011,851512
2012,MASSACHUSETTS,MASSACHUSETTS 2012,851512
2013,MASSACHUSETTS,MASSACHUSETTS 2013,866450
2014,MASSACHUSETTS,MASSACHUSETTS 2014,859275
2015,MASSACHUSETTS,MASSACHUSETTS 2015,860902
2016,MASSACHUSETTS,MASSACHUSETTS 2016,859731
2017,MASSACHUSETTS,MASSACHUSETTS 2017,856746
2018,MASSACHUSETTS,MASSACHUSETTS 2018,849796
2019,MASSACHUSETTS,MASSACHUSETTS 2019,824818
2006,MICHIGAN,MICHIGAN 2006,1202113
2007,MICHIGAN,MICHIGAN 2007,1204341
2008,MICHIGAN,MICHIGAN 2008,1204341
2009,MICHIGAN,MICHIGAN 2009,1219874
2010,MICHIGAN,MICHIGAN 2010,1279202
2011,MICHIGAN,MICHIGAN 2011,1302893
2012,MICHIGAN,MICHIGAN 2012,1302893
2013,MICHIGAN,MICHIGAN 2013,1245264
2014,MICHIGAN,MICHIGAN 2014,1221328
2015,MICHIGAN,MICHIGAN 2015,1200571
2016,MICHIGAN,MICHIGAN 2016,1180137
2017,MICHIGAN,MICHIGAN 2017,1198808
2018,MICHIGAN,MICHIGAN 2018,1178417
2019,MICHIGAN,MICHIGAN 2019,1150627
2006,MINNESOTA,MINNESOTA 2006,556785
2007,MINNESOTA,MINNESOTA 2007,565469
2008,MINNESOTA,MINNESOTA 2008,565469
2009,MINNESOTA,MINNESOTA 2009,595269
2010,MINNESOTA,MINNESOTA 2010,627733
2011,MINNESOTA,MINNESOTA 2011,650339
2012,MINNESOTA,MINNESOTA 2012,650339
2013,MINNESOTA,MINNESOTA 2013,629724
2014,MINNESOTA,MINNESOTA 2014,617387
2015,MINNESOTA,MINNESOTA 2015,615404
2016,MINNESOTA,MINNESOTA 2016,623763
2017,MINNESOTA,MINNESOTA 2017,628945
2018,MINNESOTA,MINNESOTA 2018,621641
2019,MINNESOTA,MINNESOTA 2019,607337
2006,MISSISSIPPI,MISSISSIPPI 2006,353120
2007,MISSISSIPPI,MISSISSIPPI 2007,354579
2008,MISSISSIPPI,MISSISSIPPI 2008,354579
2009,MISSISSIPPI,MISSISSIPPI 2009,356209
2010,MISSISSIPPI,MISSISSIPPI 2010,350528
2011,MISSISSIPPI,MISSISSIPPI 2011,365603
2012,MISSISSIPPI,MISSISSIPPI 2012,365603
2013,MISSISSIPPI,MISSISSIPPI 2013,365469
2014,MISSISSIPPI,MISSISSIPPI 2014,373710
2015,MISSISSIPPI,MISSISSIPPI 2015,370953
2016,MISSISSIPPI,MISSISSIPPI 2016,367054
2017,MISSISSIPPI,MISSISSIPPI 2017,360762
2018,MISSISSIPPI,MISSISSIPPI 2018,354687
2019,MISSISSIPPI,MISSISSIPPI 2019,342923
2006,MISSOURI,MISSOURI 2006,701040
2007,MISSOURI,MISSOURI 2007,694085
2008,MISSOURI,MISSOURI 2008,694085
2009,MISSOURI,MISSOURI 2009,644551
2010,MISSOURI,MISSOURI 2010,703763
2011,MISSOURI,MISSOURI 2011,738106
2012,MISSOURI,MISSOURI 2012,738106
2013,MISSOURI,MISSOURI 2013,744678
2014,MISSOURI,MISSOURI 2014,726878
2015,MISSOURI,MISSOURI 2015,721486
2016,MISSOURI,MISSOURI 2016,711241
2017,MISSOURI,MISSOURI 2017,710750
2018,MISSOURI,MISSOURI 2018,694784
2019,MISSOURI,MISSOURI 2019,676428
2006,MONTANA,MONTANA 2006,92708
2007,MONTANA,MONTANA 2007,93209
2008,MONTANA,MONTANA 2008,93209
2009,MONTANA,MONTANA 2009,99644
2010,MONTANA,MONTANA 2010,110594
2011,MONTANA,MONTANA 2011,115278
2012,MONTANA,MONTANA 2012,115278
2013,MONTANA,MONTANA 2013,117179
2014,MONTANA,MONTANA 2014,120368
2015,MONTANA,MONTANA 2015,123536
2016,MONTANA,MONTANA 2016,121517
2017,MONTANA,MONTANA 2017,118213
2018,MONTANA,MONTANA 2018,118571
2019,MONTANA,MONTANA 2019,115660
2006,NEBRASKA,NEBRASKA 2006,196679
2007,NEBRASKA,NEBRASKA 2007,194330
2008,NEBRASKA,NEBRASKA 2008,194330
2009,NEBRASKA,NEBRASKA 2009,199463
2010,NEBRASKA,NEBRASKA 2010,202576
2011,NEBRASKA,NEBRASKA 2011,210290
2012,NEBRASKA,NEBRASKA 2012,210290
2013,NEBRASKA,NEBRASKA 2013,199086
2014,NEBRASKA,NEBRASKA 2014,199800
2015,NEBRASKA,NEBRASKA 2015,206556
2016,NEBRASKA,NEBRASKA 2016,207659
2017,NEBRASKA,NEBRASKA 2017,208681
2018,NEBRASKA,NEBRASKA 2018,205173
2019,NEBRASKA,NEBRASKA 2019,201084
2006,NEVADA,NEVADA 2006,215542
2007,NEVADA,NEVADA 2007,206512
2008,NEVADA,NEVADA 2008,206512
2009,NEVADA,NEVADA 2009,217160
2010,NEVADA,NEVADA 2010,254464
2011,NEVADA,NEVADA 2011,285780
2012,NEVADA,NEVADA 2012,285780
2013,NEVADA,NEVADA 2013,289056
2014,NEVADA,NEVADA 2014,283704
2015,NEVADA,NEVADA 2015,279630
2016,NEVADA,NEVADA 2016,263360
2017,NEVADA,NEVADA 2017,260317
2018,NEVADA,NEVADA 2018,264251
2019,NEVADA,NEVADA 2019,257131
2006,NEW HAMPSHIRE,NEW HAMPSHIRE 2006,125554
2007,NEW HAMPSHIRE,NEW HAMPSHIRE 2007,125092
2008,NEW HAMPSHIRE,NEW HAMPSHIRE 2008,125092
2009,NEW HAMPSHIRE,NEW HAMPSHIRE 2009,138802
2010,NEW HAMPSHIRE,NEW HAMPSHIRE 2010,145910
2011,NEW HAMPSHIRE,NEW HAMPSHIRE 2011,155378
2012,NEW HAMPSHIRE,NEW HAMPSHIRE 2012,155378
2013,NEW HAMPSHIRE,NEW HAMPSHIRE 2013,149810
2014,NEW HAMPSHIRE,NEW HAMPSHIRE 2014,150953
2015,NEW HAMPSHIRE,NEW HAMPSHIRE 2015,149967
2016,NEW HAMPSHIRE,NEW HAMPSHIRE 2016,150662
2017,NEW HAMPSHIRE,NEW HAMPSHIRE 2017,149408
2018,NEW HAMPSHIRE,NEW HAMPSHIRE 2018,147082
2019,NEW HAMPSHIRE,NEW HAMPSHIRE 2019,143635
2006,NEW JERSEY,NEW JERSEY 2006,936191
2007,NEW JERSEY,NEW JERSEY 2007,928779
2008,NEW JERSEY,NEW JERSEY 2008,928779
2009,NEW JERSEY,NEW JERSEY 2009,924131
2010,NEW JERSEY,NEW JERSEY 2010,973131
2011,NEW JERSEY,NEW JERSEY 2011,1044279
2012,NEW JERSEY,NEW JERSEY 2012,1044279
2013,NEW JERSEY,NEW JERSEY 2013,1039928
2014,NEW JERSEY,NEW JERSEY 2014,1059271
2015,NEW JERSEY,NEW JERSEY 2015,1056363
2016,NEW JERSEY,NEW JERSEY 2016,1058924
2017,NEW JERSEY,NEW JERSEY 2017,1047284
2018,NEW JERSEY,NEW JERSEY 2018,1038856
2019,NEW JERSEY,NEW JERSEY 2019,1005775
2006,NEW MEXICO,NEW MEXICO 2006,198204
2007,NEW MEXICO,NEW MEXICO 2007,200645
2008,NEW MEXICO,NEW MEXICO 2008,200645
2009,NEW MEXICO,NEW MEXICO 2009,198562
2010,NEW MEXICO,NEW MEXICO 2010,203282
2011,NEW MEXICO,NEW MEXICO 2011,210699
2012,NEW MEXICO,NEW MEXICO 2012,210699
2013,NEW MEXICO,NEW MEXICO 2013,217112
2014,NEW MEXICO,NEW MEXICO 2014,222816
2015,NEW MEXICO,NEW MEXICO 2015,223211
2016,NEW MEXICO,NEW MEXICO 2016,226427
2017,NEW MEXICO,NEW MEXICO 2017,228270
2018,NEW MEXICO,NEW MEXICO 2018,229216
2019,NEW MEXICO,NEW MEXICO 2019,222855
2006,NEW YORK,NEW YORK 2006,2163973
2007,NEW YORK,NEW YORK 2007,2114453
2008,NEW YORK,NEW YORK 2008,2114453
2009,NEW YORK,NEW YORK 2009,2146979
2010,NEW YORK,NEW YORK 2010,2279362
2011,NEW YORK,NEW YORK 2011,2387114
2012,NEW YORK,NEW YORK 2012,2387114
2013,NEW YORK,NEW YORK 2013,2388600
2014,NEW YORK,NEW YORK 2014,2360959
2015,NEW YORK,NEW YORK 2015,2366440
2016,NEW YORK,NEW YORK 2016,2357917
2017,NEW YORK,NEW YORK 2017,2370954
2018,NEW YORK,NEW YORK 2018,2355971
2019,NEW YORK,NEW YORK 2019,2281482
2006,NORTH CAROLINA,NORTH CAROLINA 2006,1012686
2007,NORTH CAROLINA,NORTH CAROLINA 2007,1016380
2008,NORTH CAROLINA,NORTH CAROLINA 2008,1016380
2009,NORTH CAROLINA,NORTH CAROLINA 2009,1015906
2010,NORTH CAROLINA,NORTH CAROLINA 2010,1111955
2011,NORTH CAROLINA,NORTH CAROLINA 2011,1196872
2012,NORTH CAROLINA,NORTH CAROLINA 2012,1196872
2013,NORTH CAROLINA,NORTH CAROLINA 2013,1194554
2014,NORTH CAROLINA,NORTH CAROLINA 2014,1166069
2015,NORTH CAROLINA,NORTH CAROLINA 2015,1154478
2016,NORTH CAROLINA,NORTH CAROLINA 2016,1140173
2017,NORTH CAROLINA,NORTH CAROLINA 2017,1134929
2018,NORTH CAROLINA,NORTH CAROLINA 2018,1134767
2019,NORTH CAROLINA,NORTH CAROLINA 2019,1091569
2006,NORTH DAKOTA,NORTH DAKOTA 2006,70825
2007,NORTH DAKOTA,NORTH DAKOTA 2007,76204
2008,NORTH DAKOTA,NORTH DAKOTA 2008,76204
2009,NORTH DAKOTA,NORTH DAKOTA 2009,78068
2010,NORTH DAKOTA,NORTH DAKOTA 2010,72915
2011,NORTH DAKOTA,NORTH DAKOTA 2011,78937
2012,NORTH DAKOTA,NORTH DAKOTA 2012,78937
2013,NORTH DAKOTA,NORTH DAKOTA 2013,78236
2014,NORTH DAKOTA,NORTH DAKOTA 2014,82467
2015,NORTH DAKOTA,NORTH DAKOTA 2015,83100
2016,NORTH DAKOTA,NORTH DAKOTA 2016,90368
2017,NORTH DAKOTA,NORTH DAKOTA 2017,91616
2018,NORTH DAKOTA,NORTH DAKOTA 2018,90255
2019,NORTH DAKOTA,NORTH DAKOTA 2019,88912
2006,OHIO,OHIO 2006,1386873
2007,OHIO,OHIO 2007,1376968
2008,OHIO,OHIO 2008,1376968
2009,OHIO,OHIO 2009,1347188
2010,OHIO,OHIO 2010,1429091
2011,OHIO,OHIO 2011,1496769
2012,OHIO,OHIO 2012,1496769
2013,OHIO,OHIO 2013,1465375
2014,OHIO,OHIO 2014,1442767
2015,OHIO,OHIO 2015,1439003
2016,OHIO,OHIO 2016,1432591
2017,OHIO,OHIO 2017,1447973
2018,OHIO,OHIO 2018,1417116
2019,OHIO,OHIO 2019,1385849
2006,OKLAHOMA,OKLAHOMA 2006,394757
2007,OKLAHOMA,OKLAHOMA 2007,398250
2008,OKLAHOMA,OKLAHOMA 2008,398250
2009,OKLAHOMA,OKLAHOMA 2009,377165
2010,OKLAHOMA,OKLAHOMA 2010,389908
2011,OKLAHOMA,OKLAHOMA 2011,420055
2012,OKLAHOMA,OKLAHOMA 2012,420055
2013,OKLAHOMA,OKLAHOMA 2013,424035
2014,OKLAHOMA,OKLAHOMA 2014,416978
2015,OKLAHOMA,OKLAHOMA 2015,416828
2016,OKLAHOMA,OKLAHOMA 2016,410358
2017,OKLAHOMA,OKLAHOMA 2017,417094
2018,OKLAHOMA,OKLAHOMA 2018,411958
2019,OKLAHOMA,OKLAHOMA 2019,401526
2006,OREGON,OREGON 2006,410161
2007,OREGON,OREGON 2007,399112
2008,OREGON,OREGON 2008,399112
2009,OREGON,OREGON 2009,393668
2010,OREGON,OREGON 2010,438961
2011,OREGON,OREGON 2011,471988
2012,OREGON,OREGON 2012,471988
2013,OREGON,OREGON 2013,476570
2014,OREGON,OREGON 2014,458035
2015,OREGON,OREGON 2015,442307
2016,OREGON,OREGON 2016,423031
2017,OREGON,OREGON 2017,423372
2018,OREGON,OREGON 2018,419196
2019,OREGON,OREGON 2019,403275
2006,PENNSYLVANIA,PENNSYLVANIA 2006,1497596
2007,PENNSYLVANIA,PENNSYLVANIA 2007,1484126
2008,PENNSYLVANIA,PENNSYLVANIA 2008,1484126
2009,PENNSYLVANIA,PENNSYLVANIA 2009,1486751
2010,PENNSYLVANIA,PENNSYLVANIA 2010,1535302
2011,PENNSYLVANIA,PENNSYLVANIA 2011,1605457
2012,PENNSYLVANIA,PENNSYLVANIA 2012,1605457
2013,PENNSYLVANIA,PENNSYLVANIA 2013,1583906
2014,PENNSYLVANIA,PENNSYLVANIA 2014,1556952
2015,PENNSYLVANIA,PENNSYLVANIA 2015,1580756
2016,PENNSYLVANIA,PENNSYLVANIA 2016,1563909
2017,PENNSYLVANIA,PENNSYLVANIA 2017,1579900
2018,PENNSYLVANIA,PENNSYLVANIA 2018,1559045
2019,PENNSYLVANIA,PENNSYLVANIA 2019,1524708
2006,RHODE ISLAND,RHODE ISLAND 2006,118307
2007,RHODE ISLAND,RHODE ISLAND 2007,118664
2008,RHODE ISLAND,RHODE ISLAND 2008,118664
2009,RHODE ISLAND,RHODE ISLAND 2009,124182
2010,RHODE ISLAND,RHODE ISLAND 2010,138390
2011,RHODE ISLAND,RHODE ISLAND 2011,142459
2012,RHODE ISLAND,RHODE ISLAND 2012,142459
2013,RHODE ISLAND,RHODE ISLAND 2013,145574
2014,RHODE ISLAND,RHODE ISLAND 2014,141674
2015,RHODE ISLAND,RHODE ISLAND 2015,138059
2016,RHODE ISLAND,RHODE ISLAND 2016,138167
2017,RHODE ISLAND,RHODE ISLAND 2017,137700
2018,RHODE ISLAND,RHODE ISLAND 2018,135836
2019,RHODE ISLAND,RHODE ISLAND 2019,132290
2006,SOUTH CAROLINA,SOUTH CAROLINA 2006,494608
2007,SOUTH CAROLINA,SOUTH CAROLINA 2007,488039
2008,SOUTH CAROLINA,SOUTH CAROLINA 2008,488039
2009,SOUTH CAROLINA,SOUTH CAROLINA 2009,491923
2010,SOUTH CAROLINA,SOUTH CAROLINA 2010,531238
2011,SOUTH CAROLINA,SOUTH CAROLINA 2011,573531
2012,SOUTH CAROLINA,SOUTH CAROLINA 2012,573531
2013,SOUTH CAROLINA,SOUTH CAROLINA 2013,565644
2014,SOUTH CAROLINA,SOUTH CAROLINA 2014,559079
2015,SOUTH CAROLINA,SOUTH CAROLINA 2015,536658
2016,SOUTH CAROLINA,SOUTH CAROLINA 2016,530111
2017,SOUTH CAROLINA,SOUTH CAROLINA 2017,524221
2018,SOUTH CAROLINA,SOUTH CAROLINA 2018,536519
2019,SOUTH CAROLINA,SOUTH CAROLINA 2019,519675
2006,SOUTH DAKOTA,SOUTH DAKOTA 2006,90755
2007,SOUTH DAKOTA,SOUTH DAKOTA 2007,89500
2008,SOUTH DAKOTA,SOUTH DAKOTA 2008,89500
2009,SOUTH DAKOTA,SOUTH DAKOTA 2009,86121
2010,SOUTH DAKOTA,SOUTH DAKOTA 2010,89140
2011,SOUTH DAKOTA,SOUTH DAKOTA 2011,89994
2012,SOUTH DAKOTA,SOUTH DAKOTA 2012,89994
2013,SOUTH DAKOTA,SOUTH DAKOTA 2013,87778
2014,SOUTH DAKOTA,SOUTH DAKOTA 2014,88818
2015,SOUTH DAKOTA,SOUTH DAKOTA 2015,91481
2016,SOUTH DAKOTA,SOUTH DAKOTA 2016,94369
2017,SOUTH DAKOTA,SOUTH DAKOTA 2017,92779
2018,SOUTH DAKOTA,SOUTH DAKOTA 2018,91689
2019,SOUTH DAKOTA,SOUTH DAKOTA 2019,89692
2006,TENNESSEE,TENNESSEE 2006,720796
2007,TENNESSEE,TENNESSEE 2007,708071
2008,TENNESSEE,TENNESSEE 2008,708071
2009,TENNESSEE,TENNESSEE 2009,711662
2010,TENNESSEE,TENNESSEE 2010,750175
2011,TENNESSEE,TENNESSEE 2011,784319
2012,TENNESSEE,TENNESSEE 2012,784319
2013,TENNESSEE,TENNESSEE 2013,769260
2014,TENNESSEE,TENNESSEE 2014,756938
2015,TENNESSEE,TENNESSEE 2015,762148
2016,TENNESSEE,TENNESSEE 2016,742210
2017,TENNESSEE,TENNESSEE 2017,755699
2018,TENNESSEE,TENNESSEE 2018,737674
2019,TENNESSEE,TENNESSEE 2019,712256
2006,TEXAS,TEXAS 2006,2367527
2007,TEXAS,TEXAS 2007,2314860
2008,TEXAS,TEXAS 2008,2314860
2009,TEXAS,TEXAS 2009,2307914
2010,TEXAS,TEXAS 2010,2480073
2011,TEXAS,TEXAS 2011,2621495
2012,TEXAS,TEXAS 2012,2621495
2013,TEXAS,TEXAS 2013,2613751
2014,TEXAS,TEXAS 2014,2625100
2015,TEXAS,TEXAS 2015,2628679
2016,TEXAS,TEXAS 2016,2626278
2017,TEXAS,TEXAS 2017,2656922
2018,TEXAS,TEXAS 2018,2636330
2019,TEXAS,TEXAS 2019,2587809
2006,UTAH,UTAH 2006,207779
2007,UTAH,UTAH 2007,201079
2008,UTAH,UTAH 2008,201079
2009,UTAH,UTAH 2009,186312
2010,UTAH,UTAH 2010,212116
2011,UTAH,UTAH 2011,233516
2012,UTAH,UTAH 2012,233516
2013,UTAH,UTAH 2013,234542
2014,UTAH,UTAH 2014,220033
2015,UTAH,UTAH 2015,210535
2016,UTAH,UTAH 2016,205055
2017,UTAH,UTAH 2017,212553
2018,UTAH,UTAH 2018,212123
2019,UTAH,UTAH 2019,206473
2006,VERMONT,VERMONT 2006,66175
2007,VERMONT,VERMONT 2007,69073
2008,VERMONT,VERMONT 2008,69073
2009,VERMONT,VERMONT 2009,61990
2010,VERMONT,VERMONT 2010,71527
2011,VERMONT,VERMONT 2011,68505
2012,VERMONT,VERMONT 2012,68505
2013,VERMONT,VERMONT 2013,70284
2014,VERMONT,VERMONT 2014,71289
2015,VERMONT,VERMONT 2015,79185
2016,VERMONT,VERMONT 2016,76655
2017,VERMONT,VERMONT 2017,77045
2018,VERMONT,VERMONT 2018,76729
2019,VERMONT,VERMONT 2019,74884
2006,VIRGINIA,VIRGINIA 2006,749149
2007,VIRGINIA,VIRGINIA 2007,750906
2008,VIRGINIA,VIRGINIA 2008,750906
2009,VIRGINIA,VIRGINIA 2009,781932
2010,VIRGINIA,VIRGINIA 2010,836416
2011,VIRGINIA,VIRGINIA 2011,865843
2012,VIRGINIA,VIRGINIA 2012,865843
2013,VIRGINIA,VIRGINIA 2013,873869
2014,VIRGINIA,VIRGINIA 2014,894226
2015,VIRGINIA,VIRGINIA 2015,921760
2016,VIRGINIA,VIRGINIA 2016,929976
2017,VIRGINIA,VIRGINIA 2017,922930
2018,VIRGINIA,VIRGINIA 2018,909320
2019,VIRGINIA,VIRGINIA 2019,878301
2006,WASHINGTON,WASHINGTON 2006,676950
2007,WASHINGTON,WASHINGTON 2007,667243
2008,WASHINGTON,WASHINGTON 2008,667243
2009,WASHINGTON,WASHINGTON 2009,655866
2010,WASHINGTON,WASHINGTON 2010,716861
2011,WASHINGTON,WASHINGTON 2011,769625
2012,WASHINGTON,WASHINGTON 2012,769625
2013,WASHINGTON,WASHINGTON 2013,774679
2014,WASHINGTON,WASHINGTON 2014,768883
2015,WASHINGTON,WASHINGTON 2015,770534
2016,WASHINGTON,WASHINGTON 2016,769809
2017,WASHINGTON,WASHINGTON 2017,763153
2018,WASHINGTON,WASHINGTON 2018,753012
2019,WASHINGTON,WASHINGTON 2019,722328
2006,WEST VIRGINIA,WEST VIRGINIA 2006,218394
2007,WEST VIRGINIA,WEST VIRGINIA 2007,223402
2008,WEST VIRGINIA,WEST VIRGINIA 2008,223402
2009,WEST VIRGINIA,WEST VIRGINIA 2009,232289
2010,WEST VIRGINIA,WEST VIRGINIA 2010,226818
2011,WEST VIRGINIA,WEST VIRGINIA 2011,232736
2012,WEST VIRGINIA,WEST VIRGINIA 2012,232736
2013,WEST VIRGINIA,WEST VIRGINIA 2013,230662
2014,WEST VIRGINIA,WEST VIRGINIA 2014,232779
2015,WEST VIRGINIA,WEST VIRGINIA 2015,239673
2016,WEST VIRGINIA,WEST VIRGINIA 2016,242360
2017,WEST VIRGINIA,WEST VIRGINIA 2017,246316
2018,WEST VIRGINIA,WEST VIRGINIA 2018,243375
2019,WEST VIRGINIA,WEST VIRGINIA 2019,237729
2006,WISCONSIN,WISCONSIN 2006,634390
2007,WISCONSIN,WISCONSIN 2007,634579
2008,WISCONSIN,WISCONSIN 2008,634579
2009,WISCONSIN,WISCONSIN 2009,624908
2010,WISCONSIN,WISCONSIN 2010,672950
2011,WISCONSIN,WISCONSIN 2011,715648
2012,WISCONSIN,WISCONSIN 2012,715648
2013,WISCONSIN,WISCONSIN 2013,697396
2014,WISCONSIN,WISCONSIN 2014,693500
2015,WISCONSIN,WISCONSIN 2015,687112
2016,WISCONSIN,WISCONSIN 2016,689222
2017,WISCONSIN,WISCONSIN 2017,691229
2018,WISCONSIN,WISCONSIN 2018,681311
2019,WISCONSIN,WISCONSIN 2019,660108
2006,WYOMING,WYOMING 2006,46412
2007,WYOMING,WYOMING 2007,47408
2008,WYOMING,WYOMING 2008,47408
2009,WYOMING,WYOMING 2009,53504
2010,WYOMING,WYOMING 2010,57254
2011,WYOMING,WYOMING 2011,61996
2012,WYOMING,WYOMING 2012,61996
2013,WYOMING,WYOMING 2013,60509
2014,WYOMING,WYOMING 2014,56641
2015,WYOMING,WYOMING 2015,60252
2016,WYOMING,WYOMING 2016,57626
2017,WYOMING,WYOMING 2017,61148
2018,WYOMING,WYOMING 2018,61529
2019,WYOMING,WYOMING 2019,60502
