State,Year,State_Year,Total_HDD,Total_CDD
ALABAMA,1998,ALABAMA 1998,822,2176
ALABAMA,1999,ALABAMA 1999,1035,1987
ALABAMA,2000,ALABAMA 2000,1384,2206
ALABAMA,2001,ALABAMA 2001,955,1842
ALABAMA,2002,ALABAMA 2002,1157,2218
ALABAMA,2003,ALABAMA 2003,1070,1903
ALABAMA,2004,ALABAMA 2004,924,2082
ALABAMA,2005,ALABAMA 2005,1143,2093.0
ALABAMA,2006,ALABAMA 2006,1046,2233.0
ALABAMA,2007,ALABAMA 2007,876,2290.0
ALABAMA,2008,ALABAMA 2008,1097,1957.0
ALABAMA,2009,ALABAMA 2009,1124,1922.0
ALABAMA,2010,ALABAMA 2010,1191,2346.0
ALABAMA,2011,ALABAMA 2011,995,2150.0
ALABAMA,2012,ALABAMA 2012,999,2086.0
ALABAMA,2013,ALABAMA 2013,1070,1903.0
ALABAMA,2014,ALABAMA 2014,1065,1980.0
ALABAMA,2015,ALABAMA 2015,615,2173.0
ALABAMA,2016,ALABAMA 2016,735,2500.0
ALABAMA,2017,ALABAMA 2017,991,2134.0
ALABAMA,2018,ALABAMA 2018,1005,2304.0
ALABAMA,2019,ALABAMA 2019,917,2413.0
ALABAMA,2020,ALABAMA 2020,893,2096.0
ALABAMA	      68,1997,ALABAMA	      68 1997,1319,
ALASKA,1998,ALASKA 1998,4862,11
ALASKA,1999,ALASKA 1999,5049,19
ALASKA,2000,ALASKA 2000,4566,4
ALASKA,2001,ALASKA 2001,5141,6
ALASKA,2002,ALASKA 2002,4080,12
ALASKA,2003,ALASKA 2003,4671,22
ALASKA,2004,ALASKA 2004,4372,47
ALASKA,2005,ALASKA 2005,4585,14.0
ALASKA,2006,ALASKA 2006,4959,2.0
ALASKA,2007,ALASKA 2007,4450,13.0
ALASKA,2008,ALASKA 2008,5299,6.0
ALASKA,2009,ALASKA 2009,4699,17.0
ALASKA,2010,ALASKA 2010,4851,11.0
ALASKA,2011,ALASKA 2011,4868,7.0
ALASKA,2012,ALASKA 2012,5229,5.0
ALASKA,2013,ALASKA 2013,4442,54.0
ALASKA,2014,ALASKA 2014,4187,8.0
ALASKA,2015,ALASKA 2015,4475,33.0
ALASKA,2016,ALASKA 2016,4498,23.0
ALASKA,2017,ALASKA 2017,4314,20.0
ALASKA,2018,ALASKA 2018,3921,20.0
ALASKA,2019,ALASKA 2019,3810,92.0
ALASKA,2020,ALASKA 2020,4457,5.0
ALASKA	     1583,1997,ALASKA	     1583 1997,4622,
ARIZONA,1998,ARIZONA 1998,819,2496
ARIZONA,1999,ARIZONA 1999,679,2642
ARIZONA,2000,ARIZONA 2000,919,3039
ARIZONA,2001,ARIZONA 2001,728,3231
ARIZONA,2002,ARIZONA 2002,728,3103
ARIZONA,2003,ARIZONA 2003,722,3230
ARIZONA,2004,ARIZONA 2004,809,3041
ARIZONA,2005,ARIZONA 2005,653,3073.0
ARIZONA,2006,ARIZONA 2006,765,3108.0
ARIZONA,2007,ARIZONA 2007,719,3079.0
ARIZONA,2008,ARIZONA 2008,711,2769.0
ARIZONA,2009,ARIZONA 2009,813,2924.0
ARIZONA,2010,ARIZONA 2010,736,2729.0
ARIZONA,2011,ARIZONA 2011,883,2871.0
ARIZONA,2012,ARIZONA 2012,653,2991.0
ARIZONA,2013,ARIZONA 2013,740,2908.0
ARIZONA,2014,ARIZONA 2014,659,2817.0
ARIZONA,2015,ARIZONA 2015,907,2811.0
ARIZONA,2016,ARIZONA 2016,607,2954.0
ARIZONA,2017,ARIZONA 2017,445,2985.0
ARIZONA,2018,ARIZONA 2018,787,2821.0
ARIZONA,2019,ARIZONA 2019,723,2797.0
ARIZONA,2020,ARIZONA 2020,770,3096.0
ARIZONA	      54,1997,ARIZONA	      54 1997,861,
ARKANSAS,1998,ARKANSAS 1998,1094,2367
ARKANSAS,1999,ARKANSAS 1999,1064,1877
ARKANSAS,2000,ARKANSAS 2000,1709,2041
ARKANSAS,2001,ARKANSAS 2001,1171,1916
ARKANSAS,2002,ARKANSAS 2002,1411,1941
ARKANSAS,2003,ARKANSAS 2003,1185,1794
ARKANSAS,2004,ARKANSAS 2004,1169,1661
ARKANSAS,2005,ARKANSAS 2005,1315,2055.0
ARKANSAS,2006,ARKANSAS 2006,1272,2045.0
ARKANSAS,2007,ARKANSAS 2007,1208,2056.0
ARKANSAS,2008,ARKANSAS 2008,1455,1706.0
ARKANSAS,2009,ARKANSAS 2009,1453,1595.0
ARKANSAS,2010,ARKANSAS 2010,1345,2247.0
ARKANSAS,2011,ARKANSAS 2011,1263,2190.0
ARKANSAS,2012,ARKANSAS 2012,1275,2235.0
ARKANSAS,2013,ARKANSAS 2013,1484,1835.0
ARKANSAS,2014,ARKANSAS 2014,1409,1659.0
ARKANSAS,2015,ARKANSAS 2015,956,1935.0
ARKANSAS,2016,ARKANSAS 2016,1065,2165.0
ARKANSAS,2017,ARKANSAS 2017,1235,1813.0
ARKANSAS,2018,ARKANSAS 2018,1418,2106.0
ARKANSAS,2019,ARKANSAS 2019,1344,2038.0
ARKANSAS,2020,ARKANSAS 2020,1285,1709.0
ARKANSAS	      7,1997,ARKANSAS	      7 1997,1467,
CALIFORNIA,1997,CALIFORNIA 1997,82,911
CALIFORNIA,1998,CALIFORNIA 1998,1075,754
CALIFORNIA,1999,CALIFORNIA 1999,773,678
CALIFORNIA,2000,CALIFORNIA 2000,992,855
CALIFORNIA,2001,CALIFORNIA 2001,828,921
CALIFORNIA,2002,CALIFORNIA 2002,852,833
CALIFORNIA,2003,CALIFORNIA 2003,834,1028
CALIFORNIA,2004,CALIFORNIA 2004,951,1024
CALIFORNIA,2005,CALIFORNIA 2005,746,901.0
CALIFORNIA,2006,CALIFORNIA 2006,823,1065.0
CALIFORNIA,2007,CALIFORNIA 2007,915,923.0
CALIFORNIA,2008,CALIFORNIA 2008,769,1134.0
CALIFORNIA,2009,CALIFORNIA 2009,923,1052.0
CALIFORNIA,2010,CALIFORNIA 2010,909,796.0
CALIFORNIA,2011,CALIFORNIA 2011,929,847.0
CALIFORNIA,2012,CALIFORNIA 2012,827,1071.0
CALIFORNIA,2013,CALIFORNIA 2013,794,1004.0
CALIFORNIA,2014,CALIFORNIA 2014,624,1184.0
CALIFORNIA,2015,CALIFORNIA 2015,871,1193.0
CALIFORNIA,2016,CALIFORNIA 2016,765,1045.0
CALIFORNIA,2017,CALIFORNIA 2017,611,1165.0
CALIFORNIA,2018,CALIFORNIA 2018,707,1037.0
CALIFORNIA,2019,CALIFORNIA 2019,816,919.0
CALIFORNIA,2020,CALIFORNIA 2020,781,1156.0
COLORADO,1998,COLORADO 1998,2731,243
COLORADO,1999,COLORADO 1999,2615,198
COLORADO,2000,COLORADO 2000,3190,527
COLORADO,2001,COLORADO 2001,2633,536
COLORADO,2002,COLORADO 2002,2960,555
COLORADO,2003,COLORADO 2003,2839,454
COLORADO,2004,COLORADO 2004,2914,306
COLORADO,2005,COLORADO 2005,2696,467.0
COLORADO,2006,COLORADO 2006,2905,486.0
COLORADO,2007,COLORADO 2007,2713,512.0
COLORADO,2008,COLORADO 2008,2801,421.0
COLORADO,2009,COLORADO 2009,3146,329.0
COLORADO,2010,COLORADO 2010,2579,470.0
COLORADO,2011,COLORADO 2011,2814,515.0
COLORADO,2012,COLORADO 2012,2713,599.0
COLORADO,2013,COLORADO 2013,2769,565.0
COLORADO,2014,COLORADO 2014,2605,443.0
COLORADO,2015,COLORADO 2015,2537,478.0
COLORADO,2016,COLORADO 2016,2416,501.0
COLORADO,2017,COLORADO 2017,2516,480.0
COLORADO,2018,COLORADO 2018,2785,565.0
COLORADO,2019,COLORADO 2019,2788,508.0
COLORADO,2020,COLORADO 2020,2645,604.0
COLORADO	     12,1997,COLORADO	     12 1997,3044,
CONNECTICUT,1997,CONNECTICUT 1997,245,492
CONNECTICUT,1998,CONNECTICUT 1998,2136,570
CONNECTICUT,1999,CONNECTICUT 1999,2039,682
CONNECTICUT,2000,CONNECTICUT 2000,2466,474
CONNECTICUT,2001,CONNECTICUT 2001,1898,631
CONNECTICUT,2002,CONNECTICUT 2002,2275,725
CONNECTICUT,2003,CONNECTICUT 2003,2104,594
CONNECTICUT,2004,CONNECTICUT 2004,2131,522
CONNECTICUT,2005,CONNECTICUT 2005,2135,793.0
CONNECTICUT,2006,CONNECTICUT 2006,1922,649.0
CONNECTICUT,2007,CONNECTICUT 2007,2106,681.0
CONNECTICUT,2008,CONNECTICUT 2008,2302,643.0
CONNECTICUT,2009,CONNECTICUT 2009,2246,469.0
CONNECTICUT,2010,CONNECTICUT 2010,2209,878.0
CONNECTICUT,2011,CONNECTICUT 2011,1783,792.0
CONNECTICUT,2012,CONNECTICUT 2012,2016,780.0
CONNECTICUT,2013,CONNECTICUT 2013,2269,742.0
CONNECTICUT,2014,CONNECTICUT 2014,2102,563.0
CONNECTICUT,2015,CONNECTICUT 2015,1655,782.0
CONNECTICUT,2016,CONNECTICUT 2016,1884,926.0
CONNECTICUT,2017,CONNECTICUT 2017,2133,702.0
CONNECTICUT,2018,CONNECTICUT 2018,2154,867.0
CONNECTICUT,2019,CONNECTICUT 2019,2206,713.0
CONNECTICUT,2020,CONNECTICUT 2020,1927,880.0
DELAWARE,1998,DELAWARE 1998,1495,1184
DELAWARE,1999,DELAWARE 1999,1519,1149
DELAWARE,2000,DELAWARE 2000,1918,1024
DELAWARE,2001,DELAWARE 2001,1347,1198
DELAWARE,2002,DELAWARE 2002,1761,1405
DELAWARE,2003,DELAWARE 2003,1584,1125
DELAWARE,2004,DELAWARE 2004,1601,1185
DELAWARE,2005,DELAWARE 2005,1633,1328.0
DELAWARE,2006,DELAWARE 2006,1450,1236.0
DELAWARE,2007,DELAWARE 2007,1529,1347.0
DELAWARE,2008,DELAWARE 2008,1689,1200.0
DELAWARE,2009,DELAWARE 2009,1609,1133.0
DELAWARE,2010,DELAWARE 2010,1769,1605.0
DELAWARE,2011,DELAWARE 2011,1338,1525.0
DELAWARE,2012,DELAWARE 2012,1524,1501.0
DELAWARE,2013,DELAWARE 2013,1620,1351.0
DELAWARE,2014,DELAWARE 2014,1558,1143.0
DELAWARE,2015,DELAWARE 2015,1138,1368.0
DELAWARE,2016,DELAWARE 2016,1422,1547.0
DELAWARE,2017,DELAWARE 2017,1586,1365.0
DELAWARE,2018,DELAWARE 2018,1598,1534.0
DELAWARE,2019,DELAWARE 2019,1552,1546.0
DELAWARE,2020,DELAWARE 2020,1353,1412.0
DELAWARE	      8,1997,DELAWARE	      8 1997,1740,
DISTRICT OF COLUMBIA,1997,DISTRCT COLUMBIA 1997,157,1429
DISTRICT OF COLUMBIA,1998,DISTRCT COLUMBIA 1998,1248,1640
DISTRICT OF COLUMBIA,1999,DISTRCT COLUMBIA 1999,1336,1609
DISTRICT OF COLUMBIA,2000,DISTRCT COLUMBIA 2000,1808,1246
DISTRICT OF COLUMBIA,2001,DISTRCT COLUMBIA 2001,1164,1414
DISTRICT OF COLUMBIA,2002,DISTRCT COLUMBIA 2002,1647,1838
DISTRICT OF COLUMBIA,2003,DISTRCT COLUMBIA 2003,1408,1288
DISTRICT OF COLUMBIA,2004,DISTRCT COLUMBIA 2004,1400,1538
DISTRICT OF COLUMBIA,2005,DISTRCT COLUMBIA 2005,1510,1702.0
DISTRICT OF COLUMBIA,2006,DISTRCT COLUMBIA 2006,1340,1505.0
DISTRICT OF COLUMBIA,2007,DISTRCT COLUMBIA 2007,1258,1813.0
DISTRICT OF COLUMBIA,2008,DISTRCT COLUMBIA 2008,1536,1696.0
DISTRICT OF COLUMBIA,2009,DISTRCT COLUMBIA 2009,1432,1425.0
DISTRICT OF COLUMBIA,2010,DISTRCT COLUMBIA 2010,1510,2108.0
DISTRICT OF COLUMBIA,2011,DISTRCT COLUMBIA 2011,1213,1917.0
DISTRICT OF COLUMBIA,2012,DISTRCT COLUMBIA 2012,1320,1969.0
DISTRICT OF COLUMBIA,2013,DISTRCT COLUMBIA 2013,1414,1710.0
DISTRICT OF COLUMBIA,2014,DISTRCT COLUMBIA 2014,1263,1698.0
DISTRICT OF COLUMBIA,2015,DISTRCT COLUMBIA 2015,971,1991.0
DISTRICT OF COLUMBIA,2016,DISTRCT COLUMBIA 2016,1196,1982.0
DISTRICT OF COLUMBIA,2017,DISTRCT COLUMBIA 2017,1349,1816.0
DISTRICT OF COLUMBIA,2018,DISTRCT COLUMBIA 2018,1410,2048.0
DISTRICT OF COLUMBIA,2019,DISTRCT COLUMBIA 2019,1355,2050.0
DISTRICT OF COLUMBIA,2020,DISTRCT COLUMBIA 2020,1211,1735.0
FLORIDA,1998,FLORIDA 1998,99,3759
FLORIDA,1999,FLORIDA 1999,209,3460
FLORIDA,2000,FLORIDA 2000,302,3402
FLORIDA,2001,FLORIDA 2001,140,3459
FLORIDA,2002,FLORIDA 2002,265,3624
FLORIDA,2003,FLORIDA 2003,241,3560
FLORIDA,2004,FLORIDA 2004,219,3476
FLORIDA,2005,FLORIDA 2005,229,3463.0
FLORIDA,2006,FLORIDA 2006,178,3547.0
FLORIDA,2007,FLORIDA 2007,128,3638.0
FLORIDA,2008,FLORIDA 2008,256,3461.0
FLORIDA,2009,FLORIDA 2009,189,3618.0
FLORIDA,2010,FLORIDA 2010,428,3410.0
FLORIDA,2011,FLORIDA 2011,140,3739.0
FLORIDA,2012,FLORIDA 2012,216,3610.0
FLORIDA,2013,FLORIDA 2013,94,3607.0
FLORIDA,2014,FLORIDA 2014,221,3501.0
FLORIDA,2015,FLORIDA 2015,34,4125.0
FLORIDA,2016,FLORIDA 2016,96,3933.0
FLORIDA,2017,FLORIDA 2017,156,3917.0
FLORIDA,2018,FLORIDA 2018,180,3875.0
FLORIDA,2019,FLORIDA 2019,129,4066.0
FLORIDA,2020,FLORIDA 2020,196,4097.0
FLORIDA	      17,1997,FLORIDA	      17 1997,268,
GEORGIA,1998,GEORGIA 1998,842,1942
GEORGIA,1999,GEORGIA 1999,1038,1716
GEORGIA,2000,GEORGIA 2000,1416,1913
GEORGIA,2001,GEORGIA 2001,926,1727
GEORGIA,2002,GEORGIA 2002,1169,2054
GEORGIA,2003,GEORGIA 2003,1092,1715
GEORGIA,2004,GEORGIA 2004,985,1933
GEORGIA,2005,GEORGIA 2005,1143,1904.0
GEORGIA,2006,GEORGIA 2006,1077,1956.0
GEORGIA,2007,GEORGIA 2007,946,1956.0
GEORGIA,2008,GEORGIA 2008,1179,1749.0
GEORGIA,2009,GEORGIA 2009,1167,1716.0
GEORGIA,2010,GEORGIA 2010,1319,2124.0
GEORGIA,2011,GEORGIA 2011,1021,2027.0
GEORGIA,2012,GEORGIA 2012,1038,1870.0
GEORGIA,2013,GEORGIA 2013,1114,1626.0
GEORGIA,2014,GEORGIA 2014,1130,1812.0
GEORGIA,2015,GEORGIA 2015,691,1951.0
GEORGIA,2016,GEORGIA 2016,824,2259.0
GEORGIA,2017,GEORGIA 2017,1035,1874.0
GEORGIA,2018,GEORGIA 2018,1076,2120.0
GEORGIA,2019,GEORGIA 2019,936,2197.0
GEORGIA,2020,GEORGIA 2020,953,1898.0
GEORGIA	      64,1997,GEORGIA	      64 1997,1293,
HAWAII,1998,HAWAII 1998,0,4207
HAWAII,1999,HAWAII 1999,0,4152
HAWAII,2000,HAWAII 2000,0,4459
HAWAII,2001,HAWAII 2001,0,4641
HAWAII,2002,HAWAII 2002,0,4557
HAWAII,2003,HAWAII 2003,0,4753
HAWAII,2004,HAWAII 2004,0,4840
HAWAII,2005,HAWAII 2005,0,4701.0
HAWAII,2006,HAWAII 2006,0,4340.0
HAWAII,2007,HAWAII 2007,0,4595.0
HAWAII,2008,HAWAII 2008,0,4580.0
HAWAII,2009,HAWAII 2009,0,4431.0
HAWAII,2010,HAWAII 2010,0,4416.0
HAWAII,2011,HAWAII 2011,0,4624.0
HAWAII,2012,HAWAII 2012,0,4299.0
HAWAII,2013,HAWAII 2013,0,4341.0
HAWAII,2014,HAWAII 2014,0,4684.0
HAWAII,2015,HAWAII 2015,0,4904.0
HAWAII,2016,HAWAII 2016,0,4654.0
HAWAII,2017,HAWAII 2017,1,4684.0
HAWAII,2018,HAWAII 2018,0,4900.0
HAWAII,2019,HAWAII 2019,0,5127.0
HAWAII,2020,HAWAII 2020,1,5066.0
HAWAII	        0,1997,HAWAII	        0 1997,0,
IDAHO,1998,IDAHO 1998,2699,538
IDAHO,1999,IDAHO 1999,2622,393
IDAHO,2000,IDAHO 2000,3027,577
IDAHO,2001,IDAHO 2001,2580,640
IDAHO,2002,IDAHO 2002,2650,580
IDAHO,2003,IDAHO 2003,2494,767
IDAHO,2004,IDAHO 2004,2616,576
IDAHO,2005,IDAHO 2005,2751,562.0
IDAHO,2006,IDAHO 2006,2814,700.0
IDAHO,2007,IDAHO 2007,2809,678.0
IDAHO,2008,IDAHO 2008,2697,503.0
IDAHO,2009,IDAHO 2009,2988,546.0
IDAHO,2010,IDAHO 2010,2670,406.0
IDAHO,2011,IDAHO 2011,2683,485.0
IDAHO,2012,IDAHO 2012,2460,631.0
IDAHO,2013,IDAHO 2013,2874,756.0
IDAHO,2014,IDAHO 2014,2429,624.0
IDAHO,2015,IDAHO 2015,2557,690.0
IDAHO,2016,IDAHO 2016,2615,555.0
IDAHO,2017,IDAHO 2017,2806,720.0
IDAHO,2018,IDAHO 2018,2771,576.0
IDAHO,2019,IDAHO 2019,2889,537.0
IDAHO,2020,IDAHO 2020,2674,566.0
IDAHO	     1189,1997,IDAHO	     1189 1997,2821,
ILLINOIS,1998,ILLINOIS 1998,1941,977
ILLINOIS,1999,ILLINOIS 1999,2185,885
ILLINOIS,2000,ILLINOIS 2000,2743,827
ILLINOIS,2001,ILLINOIS 2001,1973,922
ILLINOIS,2002,ILLINOIS 2002,2378,1109
ILLINOIS,2003,ILLINOIS 2003,2187,799
ILLINOIS,2004,ILLINOIS 2004,2208,675
ILLINOIS,2005,ILLINOIS 2005,2333,1152.0
ILLINOIS,2006,ILLINOIS 2006,2269,927.0
ILLINOIS,2007,ILLINOIS 2007,2264,1074.0
ILLINOIS,2008,ILLINOIS 2008,2583,770.0
ILLINOIS,2009,ILLINOIS 2009,2440,598.0
ILLINOIS,2010,ILLINOIS 2010,2452,1148.0
ILLINOIS,2011,ILLINOIS 2011,2106,1064.0
ILLINOIS,2012,ILLINOIS 2012,2282,1211.0
ILLINOIS,2013,ILLINOIS 2013,2639,901.0
ILLINOIS,2014,ILLINOIS 2014,2534,805.0
ILLINOIS,2015,ILLINOIS 2015,1839,843.0
ILLINOIS,2016,ILLINOIS 2016,2017,1183.0
ILLINOIS,2017,ILLINOIS 2017,2311,873.0
ILLINOIS,2018,ILLINOIS 2018,2427,1149.0
ILLINOIS,2019,ILLINOIS 2019,2329,959.0
ILLINOIS,2020,ILLINOIS 2020,2171,1000.0
ILLINOIS	     10,1997,ILLINOIS	     10 1997,2439,
INDIANA,1998,INDIANA 1998,1904,1003
INDIANA,1999,INDIANA 1999,1948,955
INDIANA,2000,INDIANA 2000,2545,770
INDIANA,2001,INDIANA 2001,1848,840
INDIANA,2002,INDIANA 2002,2255,1145
INDIANA,2003,INDIANA 2003,2028,689
INDIANA,2004,INDIANA 2004,2030,729
INDIANA,2005,INDIANA 2005,2189,1058.0
INDIANA,2006,INDIANA 2006,2061,830.0
INDIANA,2007,INDIANA 2007,2007,1182.0
INDIANA,2008,INDIANA 2008,2345,817.0
INDIANA,2009,INDIANA 2009,2265,707.0
INDIANA,2010,INDIANA 2010,2336,1216.0
INDIANA,2011,INDIANA 2011,1950,1084.0
INDIANA,2012,INDIANA 2012,2182,1161.0
INDIANA,2013,INDIANA 2013,2388,923.0
INDIANA,2014,INDIANA 2014,2353,829.0
INDIANA,2015,INDIANA 2015,1685,899.0
INDIANA,2016,INDIANA 2016,1893,1180.0
INDIANA,2017,INDIANA 2017,2200,870.0
INDIANA,2018,INDIANA 2018,2219,1218.0
INDIANA,2019,INDIANA 2019,2118,1070.0
INDIANA,2020,INDIANA 2020,2033,966.0
INDIANA	     103,1997,INDIANA	     103 1997,2415,
IOWA,1998,IOWA 1998,2245,891
IOWA,1999,IOWA 1999,2384,791
IOWA,2000,IOWA 2000,3081,808
IOWA,2001,IOWA 2001,2221,843
IOWA,2002,IOWA 2002,2695,976
IOWA,2003,IOWA 2003,2527,818
IOWA,2004,IOWA 2004,2452,626
IOWA,2005,IOWA 2005,2562,1066.0
IOWA,2006,IOWA 2006,2587,955.0
IOWA,2007,IOWA 2007,2684,1012.0
IOWA,2008,IOWA 2008,2942,715.0
IOWA,2009,IOWA 2009,2891,618.0
IOWA,2010,IOWA 2010,2772,978.0
IOWA,2011,IOWA 2011,2528,974.0
IOWA,2012,IOWA 2012,2663,1100.0
IOWA,2013,IOWA 2013,3060,910.0
IOWA,2014,IOWA 2014,2902,740.0
IOWA,2015,IOWA 2015,2229,822.0
IOWA,2016,IOWA 2016,2303,975.0
IOWA,2017,IOWA 2017,2663,867.0
IOWA,2018,IOWA 2018,2860,1051.0
IOWA,2019,IOWA 2019,2749,908.0
IOWA,2020,IOWA 2020,2652,953.0
IOWA		     1145,1997,IOWA		     1145 1997,2710,
KANSAS,1998,KANSAS 1998,1601,1789
KANSAS,1999,KANSAS 1999,1623,1378
KANSAS,2000,KANSAS 2000,2359,1742
KANSAS,2001,KANSAS 2001,1598,1614
KANSAS,2002,KANSAS 2002,2015,1641
KANSAS,2003,KANSAS 2003,1832,1458
KANSAS,2004,KANSAS 2004,1690,1293
KANSAS,2005,KANSAS 2005,1850,1656.0
KANSAS,2006,KANSAS 2006,1920,1689.0
KANSAS,2007,KANSAS 2007,1993,1494.0
KANSAS,2008,KANSAS 2008,2123,1187.0
KANSAS,2009,KANSAS 2009,2255,1060.0
KANSAS,2010,KANSAS 2010,1925,1592.0
KANSAS,2011,KANSAS 2011,1925,1754.0
KANSAS,2012,KANSAS 2012,1900,1732.0
KANSAS,2013,KANSAS 2013,2207,1409.0
KANSAS,2014,KANSAS 2014,2043,1349.0
KANSAS,2015,KANSAS 2015,1598,1450.0
KANSAS,2016,KANSAS 2016,1672,1580.0
KANSAS,2017,KANSAS 2017,1859,1376.0
KANSAS,2018,KANSAS 2018,2124,1637.0
KANSAS,2019,KANSAS 2019,2004,1474.0
KANSAS,2020,KANSAS 2020,1921,1370.0
KANSAS	      973,1997,KANSAS	      973 1997,2026,
KENTUCKY,1998,KENTUCKY 1998,1483,1355
KENTUCKY,1999,KENTUCKY 1999,1531,1232
KENTUCKY,2000,KENTUCKY 2000,2072,1201
KENTUCKY,2001,KENTUCKY 2001,1462,1247
KENTUCKY,2002,KENTUCKY 2002,1795,1517
KENTUCKY,2003,KENTUCKY 2003,1599,1067
KENTUCKY,2004,KENTUCKY 2004,1516,1156
KENTUCKY,2005,KENTUCKY 2005,1737,1454.0
KENTUCKY,2006,KENTUCKY 2006,1620,1263.0
KENTUCKY,2007,KENTUCKY 2007,1476,1633.0
KENTUCKY,2008,KENTUCKY 2008,1814,1245.0
KENTUCKY,2009,KENTUCKY 2009,1778,1100.0
KENTUCKY,2010,KENTUCKY 2010,1888,1589.0
KENTUCKY,2011,KENTUCKY 2011,1535,1393.0
KENTUCKY,2012,KENTUCKY 2012,1696,1449.0
KENTUCKY,2013,KENTUCKY 2013,1812,1219.0
KENTUCKY,2014,KENTUCKY 2014,1817,1205.0
KENTUCKY,2015,KENTUCKY 2015,1175,1297.0
KENTUCKY,2016,KENTUCKY 2016,1423,1614.0
KENTUCKY,2017,KENTUCKY 2017,1677,1282.0
KENTUCKY,2018,KENTUCKY 2018,1723,1678.0
KENTUCKY,2019,KENTUCKY 2019,1611,1551.0
KENTUCKY,2020,KENTUCKY 2020,1556,1305.0
KENTUCKY	      9,1997,KENTUCKY	      9 1997,1885,
LOUISIANA,1997,LOUISIANA 1997,860,2401
LOUISIANA,1998,LOUISIANA 1998,534,2932
LOUISIANA,1999,LOUISIANA 1999,671,2636
LOUISIANA,2000,LOUISIANA 2000,963,2933
LOUISIANA,2001,LOUISIANA 2001,600,2655
LOUISIANA,2002,LOUISIANA 2002,704,2847
LOUISIANA,2003,LOUISIANA 2003,626,2752
LOUISIANA,2004,LOUISIANA 2004,613,2855
LOUISIANA,2005,LOUISIANA 2005,687,2991.0
LOUISIANA,2006,LOUISIANA 2006,706,2955.0
LOUISIANA,2007,LOUISIANA 2007,580,2762.0
LOUISIANA,2008,LOUISIANA 2008,715,2574.0
LOUISIANA,2009,LOUISIANA 2009,783,2701.0
LOUISIANA,2010,LOUISIANA 2010,770,2938.0
LOUISIANA,2011,LOUISIANA 2011,673,3020.0
LOUISIANA,2012,LOUISIANA 2012,636,2889.0
LOUISIANA,2013,LOUISIANA 2013,783,2683.0
LOUISIANA,2014,LOUISIANA 2014,704,2577.0
LOUISIANA,2015,LOUISIANA 2015,384,3023.0
LOUISIANA,2016,LOUISIANA 2016,468,3055.0
LOUISIANA,2017,LOUISIANA 2017,657,2917.0
LOUISIANA,2018,LOUISIANA 2018,681,2944.0
LOUISIANA,2019,LOUISIANA 2019,678,2974.0
LOUISIANA,2020,LOUISIANA 2020,612,2819.0
MAINE,1998,MAINE 1998,2872,215
MAINE,1999,MAINE 1999,2790,342
MAINE,2000,MAINE 2000,2974,144
MAINE,2001,MAINE 2001,2534,279
MAINE,2002,MAINE 2002,2938,295
MAINE,2003,MAINE 2003,2686,250
MAINE,2004,MAINE 2004,2829,150
MAINE,2005,MAINE 2005,2665,307.0
MAINE,2006,MAINE 2006,2687,282.0
MAINE,2007,MAINE 2007,3079,221.0
MAINE,2008,MAINE 2008,3058,205.0
MAINE,2009,MAINE 2009,3096,204.0
MAINE,2010,MAINE 2010,2856,349.0
MAINE,2011,MAINE 2011,2547,267.0
MAINE,2012,MAINE 2012,2771,314.0
MAINE,2013,MAINE 2013,3087,306.0
MAINE,2014,MAINE 2014,2759,257.0
MAINE,2015,MAINE 2015,2524,313.0
MAINE,2016,MAINE 2016,2652,350.0
MAINE,2017,MAINE 2017,2833,274.0
MAINE,2018,MAINE 2018,3126,415.0
MAINE,2019,MAINE 2019,2890,260.0
MAINE,2020,MAINE 2020,2611,410.0
MAINE	     1231,1997,MAINE	     1231 1997,3184,
MARYIAND	      8,1997,MARYIAND	      8 1997,1869,
MARYLAND,1998,MARYLAND 1998,1636,1087
MARYLAND,1999,MARYLAND 1999,1692,1027
MARYLAND,2000,MARYLAND 2000,2087,910
MARYLAND,2001,MARYLAND 2001,1557,995
MARYLAND,2002,MARYLAND 2002,1911,1302
MARYLAND,2003,MARYLAND 2003,1712,948
MARYLAND,2004,MARYLAND 2004,1710,1101
MARYLAND,2005,MARYLAND 2005,1772,1193.0
MARYLAND,2006,MARYLAND 2006,1525,1138.0
MARYLAND,2007,MARYLAND 2007,1570,1336.0
MARYLAND,2008,MARYLAND 2008,1794,1099.0
MARYLAND,2009,MARYLAND 2009,1734,1040.0
MARYLAND,2010,MARYLAND 2010,1846,1511.0
MARYLAND,2011,MARYLAND 2011,1494,1416.0
MARYLAND,2012,MARYLAND 2012,1690,1341.0
MARYLAND,2013,MARYLAND 2013,1779,1175.0
MARYLAND,2014,MARYLAND 2014,1697,1014.0
MARYLAND,2015,MARYLAND 2015,1237,1295.0
MARYLAND,2016,MARYLAND 2016,1494,1490.0
MARYLAND,2017,MARYLAND 2017,1667,1246.0
MARYLAND,2018,MARYLAND 2018,1712,1476.0
MARYLAND,2019,MARYLAND 2019,1652,1502.0
MARYLAND,2020,MARYLAND 2020,1530,1264.0
MASSACHUSETTS,1997,MASSACHUSETTS 1997,259,437
MASSACHUSETTS,1998,MASSACHUSETTS 1998,2262,454
MASSACHUSETTS,1999,MASSACHUSETTS 1999,2156,586
MASSACHUSETTS,2000,MASSACHUSETTS 2000,2574,379
MASSACHUSETTS,2001,MASSACHUSETTS 2001,2008,557
MASSACHUSETTS,2002,MASSACHUSETTS 2002,2409,673
MASSACHUSETTS,2003,MASSACHUSETTS 2003,2237,519
MASSACHUSETTS,2004,MASSACHUSETTS 2004,2317,413
MASSACHUSETTS,2005,MASSACHUSETTS 2005,2272,637.0
MASSACHUSETTS,2006,MASSACHUSETTS 2006,2030,544.0
MASSACHUSETTS,2007,MASSACHUSETTS 2007,2268,610.0
MASSACHUSETTS,2008,MASSACHUSETTS 2008,2370,508.0
MASSACHUSETTS,2009,MASSACHUSETTS 2009,2368,376.0
MASSACHUSETTS,2010,MASSACHUSETTS 2010,2304,745.0
MASSACHUSETTS,2011,MASSACHUSETTS 2011,1863,626.0
MASSACHUSETTS,2012,MASSACHUSETTS 2012,2106,629.0
MASSACHUSETTS,2013,MASSACHUSETTS 2013,2374,657.0
MASSACHUSETTS,2014,MASSACHUSETTS 2014,2143,451.0
MASSACHUSETTS,2015,MASSACHUSETTS 2015,1775,646.0
MASSACHUSETTS,2016,MASSACHUSETTS 2016,1947,872.0
MASSACHUSETTS,2017,MASSACHUSETTS 2017,2163,605.0
MASSACHUSETTS,2018,MASSACHUSETTS 2018,2281,781.0
MASSACHUSETTS,2019,MASSACHUSETTS 2019,2304,587.0
MASSACHUSETTS,2020,MASSACHUSETTS 2020,2014,775.0
MICHIGAN,1998,MICHIGAN 1998,2219,724
MICHIGAN,1999,MICHIGAN 1999,2312,659
MICHIGAN,2000,MICHIGAN 2000,2750,495
MICHIGAN,2001,MICHIGAN 2001,2094,604
MICHIGAN,2002,MICHIGAN 2002,2534,841
MICHIGAN,2003,MICHIGAN 2003,2278,502
MICHIGAN,2004,MICHIGAN 2004,2388,463
MICHIGAN,2005,MICHIGAN 2005,2363,822.0
MICHIGAN,2006,MICHIGAN 2006,2349,593.0
MICHIGAN,2007,MICHIGAN 2007,2372,636.0
MICHIGAN,2008,MICHIGAN 2008,2681,437.0
MICHIGAN,2009,MICHIGAN 2009,2561,295.0
MICHIGAN,2010,MICHIGAN 2010,2561,731.0
MICHIGAN,2011,MICHIGAN 2011,2219,677.0
MICHIGAN,2012,MICHIGAN 2012,2407,771.0
MICHIGAN,2013,MICHIGAN 2013,2702,519.0
MICHIGAN,2014,MICHIGAN 2014,2604,379.0
MICHIGAN,2015,MICHIGAN 2015,1940,492.0
MICHIGAN,2016,MICHIGAN 2016,2099,761.0
MICHIGAN,2017,MICHIGAN 2017,2494,538.0
MICHIGAN,2018,MICHIGAN 2018,2535,762.0
MICHIGAN,2019,MICHIGAN 2019,2415,550.0
MICHIGAN,2020,MICHIGAN 2020,2346,677.0
MICHIGAN	     10,1997,MICHIGAN	     10 1997,2733,
MINNESOTA,1998,MINNESOTA 1998,2941,523
MINNESOTA,1999,MINNESOTA 1999,2916,517
MINNESOTA,2000,MINNESOTA 2000,3621,414
MINNESOTA,2001,MINNESOTA 2001,2717,585
MINNESOTA,2002,MINNESOTA 2002,3302,606
MINNESOTA,2003,MINNESOTA 2003,3099,531
MINNESOTA,2004,MINNESOTA 2004,3004,317
MINNESOTA,2005,MINNESOTA 2005,2968,606.0
MINNESOTA,2006,MINNESOTA 2006,3061,661.0
MINNESOTA,2007,MINNESOTA 2007,3234,649.0
MINNESOTA,2008,MINNESOTA 2008,3470,438.0
MINNESOTA,2009,MINNESOTA 2009,3282,389.0
MINNESOTA,2010,MINNESOTA 2010,3347,590.0
MINNESOTA,2011,MINNESOTA 2011,2895,590.0
MINNESOTA,2012,MINNESOTA 2012,3271,680.0
MINNESOTA,2013,MINNESOTA 2013,3583,576.0
MINNESOTA,2014,MINNESOTA 2014,3368,492.0
MINNESOTA,2015,MINNESOTA 2015,2634,559.0
MINNESOTA,2016,MINNESOTA 2016,2776,565.0
MINNESOTA,2017,MINNESOTA 2017,3272,478.0
MINNESOTA,2018,MINNESOTA 2018,3409,677.0
MINNESOTA,2019,MINNESOTA 2019,3350,516.0
MINNESOTA,2020,MINNESOTA 2020,3201,633.0
MINNESOTA	     1,1997,MINNESOTA	     1 1997,3281,
MISSISSIPPI,1997,MISSISSIPPI 1997,121,1820
MISSISSIPPI,1998,MISSISSIPPI 1998,801,2348
MISSISSIPPI,1999,MISSISSIPPI 1999,956,2107
MISSISSIPPI,2000,MISSISSIPPI 2000,1339,2396
MISSISSIPPI,2001,MISSISSIPPI 2001,863,2080
MISSISSIPPI,2002,MISSISSIPPI 2002,1053,2307
MISSISSIPPI,2003,MISSISSIPPI 2003,989,2070
MISSISSIPPI,2004,MISSISSIPPI 2004,858,2178
MISSISSIPPI,2005,MISSISSIPPI 2005,1033,2328.0
MISSISSIPPI,2006,MISSISSIPPI 2006,991,2347.0
MISSISSIPPI,2007,MISSISSIPPI 2007,829,2375.0
MISSISSIPPI,2008,MISSISSIPPI 2008,1042,2065.0
MISSISSIPPI,2009,MISSISSIPPI 2009,1074,2126.0
MISSISSIPPI,2010,MISSISSIPPI 2010,1067,2526.0
MISSISSIPPI,2011,MISSISSIPPI 2011,958,2389.0
MISSISSIPPI,2012,MISSISSIPPI 2012,945,2280.0
MISSISSIPPI,2013,MISSISSIPPI 2013,1067,2171.0
MISSISSIPPI,2014,MISSISSIPPI 2014,1011,2109.0
MISSISSIPPI,2015,MISSISSIPPI 2015,585,2429.0
MISSISSIPPI,2016,MISSISSIPPI 2016,709,2611.0
MISSISSIPPI,2017,MISSISSIPPI 2017,915,2274.0
MISSISSIPPI,2018,MISSISSIPPI 2018,960,2396.0
MISSISSIPPI,2019,MISSISSIPPI 2019,929,2461.0
MISSISSIPPI,2020,MISSISSIPPI 2020,858,2206.0
MISSOURI,1998,MISSOURI 1998,1693,1466
MISSOURI,1999,MISSOURI 1999,1681,1229
MISSOURI,2000,MISSOURI 2000,2455,1306
MISSOURI,2001,MISSOURI 2001,1695,1299
MISSOURI,2002,MISSOURI 2002,2050,1430
MISSOURI,2003,MISSOURI 2003,1820,1185
MISSOURI,2004,MISSOURI 2004,1768,1067
MISSOURI,2005,MISSOURI 2005,1925,1546.0
MISSOURI,2006,MISSOURI 2006,1923,1488.0
MISSOURI,2007,MISSOURI 2007,1917,1477.0
MISSOURI,2008,MISSOURI 2008,2168,1017.0
MISSOURI,2009,MISSOURI 2009,2112,919.0
MISSOURI,2010,MISSOURI 2010,1988,1470.0
MISSOURI,2011,MISSOURI 2011,1824,1484.0
MISSOURI,2012,MISSOURI 2012,1922,1572.0
MISSOURI,2013,MISSOURI 2013,2226,1191.0
MISSOURI,2014,MISSOURI 2014,2098,1150.0
MISSOURI,2015,MISSOURI 2015,1551,1254.0
MISSOURI,2016,MISSOURI 2016,1665,1479.0
MISSOURI,2017,MISSOURI 2017,1896,1218.0
MISSOURI,2018,MISSOURI 2018,2130,1602.0
MISSOURI,2019,MISSOURI 2019,1992,1351.0
MISSOURI,2020,MISSOURI 2020,1895,1211.0
MISSOURI	      9,1997,MISSOURI	      9 1997,2106,
MONTANA,1998,MONTANA 1998,2996,292
MONTANA,1999,MONTANA 1999,2895,189
MONTANA,2000,MONTANA 2000,3643,366
MONTANA,2001,MONTANA 2001,2875,424
MONTANA,2002,MONTANA 2002,3193,336
MONTANA,2003,MONTANA 2003,3099,508
MONTANA,2004,MONTANA 2004,3038,265
MONTANA,2005,MONTANA 2005,3128,309.0
MONTANA,2006,MONTANA 2006,3176,438.0
MONTANA,2007,MONTANA 2007,3179,480.0
MONTANA,2008,MONTANA 2008,3260,311.0
MONTANA,2009,MONTANA 2009,3449,310.0
MONTANA,2010,MONTANA 2010,3300,244.0
MONTANA,2011,MONTANA 2011,2978,326.0
MONTANA,2012,MONTANA 2012,3038,410.0
MONTANA,2013,MONTANA 2013,3239,433.0
MONTANA,2014,MONTANA 2014,3079,329.0
MONTANA,2015,MONTANA 2015,2993,403.0
MONTANA,2016,MONTANA 2016,3134,319.0
MONTANA,2017,MONTANA 2017,3279,458.0
MONTANA,2018,MONTANA 2018,3298,323.0
MONTANA,2019,MONTANA 2019,3402,304.0
MONTANA,2020,MONTANA 2020,3131,323.0
MONTANA	     118,1997,MONTANA	     118 1997,3102,
NEBRASKA,1998,NEBRASKA 1998,2123,1135
NEBRASKA,1999,NEBRASKA 1999,2153,922
NEBRASKA,2000,NEBRASKA 2000,2926,1138
NEBRASKA,2001,NEBRASKA 2001,2094,1118
NEBRASKA,2002,NEBRASKA 2002,2514,1309
NEBRASKA,2003,NEBRASKA 2003,2367,1050
NEBRASKA,2004,NEBRASKA 2004,2196,832
NEBRASKA,2005,NEBRASKA 2005,2341,1248.0
NEBRASKA,2006,NEBRASKA 2006,2531,1195.0
NEBRASKA,2007,NEBRASKA 2007,2543,1156.0
NEBRASKA,2008,NEBRASKA 2008,2757,853.0
NEBRASKA,2009,NEBRASKA 2009,2929,726.0
NEBRASKA,2010,NEBRASKA 2010,2487,1077.0
NEBRASKA,2011,NEBRASKA 2011,2469,1053.0
NEBRASKA,2012,NEBRASKA 2012,2517,1318.0
NEBRASKA,2013,NEBRASKA 2013,2717,1088.0
NEBRASKA,2014,NEBRASKA 2014,2617,871.0
NEBRASKA,2015,NEBRASKA 2015,2150,981.0
NEBRASKA,2016,NEBRASKA 2016,2182,1120.0
NEBRASKA,2017,NEBRASKA 2017,2409,1014.0
NEBRASKA,2018,NEBRASKA 2018,2682,1142.0
NEBRASKA,2019,NEBRASKA 2019,2521,1060.0
NEBRASKA,2020,NEBRASKA 2020,2391,1118.0
NEBRASKA	     10,1997,NEBRASKA	     10 1997,2512,
NEVADA,1998,NEVADA 1998,1580,1548
NEVADA,1999,NEVADA 1999,1285,1606
NEVADA,2000,NEVADA 2000,1626,1905
NEVADA,2001,NEVADA 2001,1334,2067
NEVADA,2002,NEVADA 2002,1289,1882
NEVADA,2003,NEVADA 2003,1267,2288
NEVADA,2004,NEVADA 2004,1375,2165
NEVADA,2005,NEVADA 2005,1117,2045.0
NEVADA,2006,NEVADA 2006,1482,2242.0
NEVADA,2007,NEVADA 2007,1427,1996.0
NEVADA,2008,NEVADA 2008,1309,1904.0
NEVADA,2009,NEVADA 2009,1589,1858.0
NEVADA,2010,NEVADA 2010,1350,1758.0
NEVADA,2011,NEVADA 2011,1490,1623.0
NEVADA,2012,NEVADA 2012,1248,2021.0
NEVADA,2013,NEVADA 2013,1530,1909.0
NEVADA,2014,NEVADA 2014,1164,1927.0
NEVADA,2015,NEVADA 2015,1446,2011.0
NEVADA,2016,NEVADA 2016,1177,2113.0
NEVADA,2017,NEVADA 2017,1129,2111.0
NEVADA,2018,NEVADA 2018,1318,2162.0
NEVADA,2019,NEVADA 2019,1423,1863.0
NEVADA,2020,NEVADA 2020,1428,1860.0
NEVADA	      820,1997,NEVADA	      820 1997,1566,
NEW HAMPSHIRE,1997,NEW HAMPSHIRE 1997,292,324
NEW HAMPSHIRE,1998,NEW HAMPSHIRE 1998,2631,347
NEW HAMPSHIRE,1999,NEW HAMPSHIRE 1999,2639,455
NEW HAMPSHIRE,2000,NEW HAMPSHIRE 2000,2855,277
NEW HAMPSHIRE,2001,NEW HAMPSHIRE 2001,2448,390
NEW HAMPSHIRE,2002,NEW HAMPSHIRE 2002,2866,473
NEW HAMPSHIRE,2003,NEW HAMPSHIRE 2003,2569,438
NEW HAMPSHIRE,2004,NEW HAMPSHIRE 2004,2610,321
NEW HAMPSHIRE,2005,NEW HAMPSHIRE 2005,2622,481.0
NEW HAMPSHIRE,2006,NEW HAMPSHIRE 2006,2432,393.0
NEW HAMPSHIRE,2007,NEW HAMPSHIRE 2007,2788,364.0
NEW HAMPSHIRE,2008,NEW HAMPSHIRE 2008,2841,300.0
NEW HAMPSHIRE,2009,NEW HAMPSHIRE 2009,2920,238.0
NEW HAMPSHIRE,2010,NEW HAMPSHIRE 2010,2755,521.0
NEW HAMPSHIRE,2011,NEW HAMPSHIRE 2011,2361,395.0
NEW HAMPSHIRE,2012,NEW HAMPSHIRE 2012,2576,430.0
NEW HAMPSHIRE,2013,NEW HAMPSHIRE 2013,2899,432.0
NEW HAMPSHIRE,2014,NEW HAMPSHIRE 2014,2619,309.0
NEW HAMPSHIRE,2015,NEW HAMPSHIRE 2015,2256,432.0
NEW HAMPSHIRE,2016,NEW HAMPSHIRE 2016,2467,525.0
NEW HAMPSHIRE,2017,NEW HAMPSHIRE 2017,2652,398.0
NEW HAMPSHIRE,2018,NEW HAMPSHIRE 2018,2823,547.0
NEW HAMPSHIRE,2019,NEW HAMPSHIRE 2019,2768,391.0
NEW HAMPSHIRE,2020,NEW HAMPSHIRE 2020,2487,562.0
NEW JERSEY,1997,NEW JERSEY 1997,206,761
NEW JERSEY,1998,NEW JERSEY 1998,1721,934
NEW JERSEY,1999,NEW JERSEY 1999,1707,976
NEW JERSEY,2000,NEW JERSEY 2000,2133,752
NEW JERSEY,2001,NEW JERSEY 2001,1532,965
NEW JERSEY,2002,NEW JERSEY 2002,1999,1075
NEW JERSEY,2003,NEW JERSEY 2003,1808,831
NEW JERSEY,2004,NEW JERSEY 2004,1853,815
NEW JERSEY,2005,NEW JERSEY 2005,1803,1149.0
NEW JERSEY,2006,NEW JERSEY 2006,1657,989.0
NEW JERSEY,2007,NEW JERSEY 2007,1810,948.0
NEW JERSEY,2008,NEW JERSEY 2008,2011,873.0
NEW JERSEY,2009,NEW JERSEY 2009,1920,697.0
NEW JERSEY,2010,NEW JERSEY 2010,2016,1162.0
NEW JERSEY,2011,NEW JERSEY 2011,1628,1053.0
NEW JERSEY,2012,NEW JERSEY 2012,1840,1021.0
NEW JERSEY,2013,NEW JERSEY 2013,1993,936.0
NEW JERSEY,2014,NEW JERSEY 2014,1870,743.0
NEW JERSEY,2015,NEW JERSEY 2015,1412,1013.0
NEW JERSEY,2016,NEW JERSEY 2016,1721,1148.0
NEW JERSEY,2017,NEW JERSEY 2017,1919,893.0
NEW JERSEY,2018,NEW JERSEY 2018,1924,1090.0
NEW JERSEY,2019,NEW JERSEY 2019,1918,974.0
NEW JERSEY,2020,NEW JERSEY 2020,1702,1054.0
NEW MEXICO,1997,NEW MEXICO 1997,203,813
NEW MEXICO,1998,NEW MEXICO 1998,1756,907
NEW MEXICO,1999,NEW MEXICO 1999,1775,704
NEW MEXICO,2000,NEW MEXICO 2000,2033,1172
NEW MEXICO,2001,NEW MEXICO 2001,1710,1118
NEW MEXICO,2002,NEW MEXICO 2002,1923,1125
NEW MEXICO,2003,NEW MEXICO 2003,1735,1168
NEW MEXICO,2004,NEW MEXICO 2004,1940,924
NEW MEXICO,2005,NEW MEXICO 2005,1735,1079.0
NEW MEXICO,2006,NEW MEXICO 2006,1955,1025.0
NEW MEXICO,2007,NEW MEXICO 2007,1688,958.0
NEW MEXICO,2008,NEW MEXICO 2008,1768,818.0
NEW MEXICO,2009,NEW MEXICO 2009,1976,897.0
NEW MEXICO,2010,NEW MEXICO 2010,1641,987.0
NEW MEXICO,2011,NEW MEXICO 2011,1943,1131.0
NEW MEXICO,2012,NEW MEXICO 2012,1662,1110.0
NEW MEXICO,2013,NEW MEXICO 2013,1901,1068.0
NEW MEXICO,2014,NEW MEXICO 2014,1652,995.0
NEW MEXICO,2015,NEW MEXICO 2015,1722,1013.0
NEW MEXICO,2016,NEW MEXICO 2016,1466,1145.0
NEW MEXICO,2017,NEW MEXICO 2017,1466,1048.0
NEW MEXICO,2018,NEW MEXICO 2018,1873,1124.0
NEW MEXICO,2019,NEW MEXICO 2019,1856,1067.0
NEW MEXICO,2020,NEW MEXICO 2020,1792,1106.0
NEW YORK,1998,NEW YORK 1998,1870,723
NEW YORK,1999,NEW YORK 1999,1873,811
NEW YORK,2000,NEW YORK 2000,2303,586
NEW YORK,2001,NEW YORK 2001,1656,770
NEW YORK,2002,NEW YORK 2002,2195,879
NEW YORK,2003,NEW YORK 2003,2002,625
NEW YORK,2004,NEW YORK 2004,2050,567
NEW YORK,2005,NEW YORK 2005,1965,945.0
NEW YORK,2006,NEW YORK 2006,1757,752.0
NEW YORK,2007,NEW YORK 2007,1933,795.0
NEW YORK,2008,NEW YORK 2008,2156,695.0
NEW YORK,2009,NEW YORK 2009,2104,521.0
NEW YORK,2010,NEW YORK 2010,2103,905.0
NEW YORK,2011,NEW YORK 2011,1766,779.0
NEW YORK,2012,NEW YORK 2012,1950,838.0
NEW YORK,2013,NEW YORK 2013,2161,758.0
NEW YORK,2014,NEW YORK 2014,2013,598.0
NEW YORK,2015,NEW YORK 2015,1524,807.0
NEW YORK,2016,NEW YORK 2016,1825,971.0
NEW YORK,2017,NEW YORK 2017,2001,716.0
NEW YORK,2018,NEW YORK 2018,2092,943.0
NEW YORK,2019,NEW YORK 2019,2084,728.0
NEW YORK,2020,NEW YORK 2020,1815,907.0
NEW YORK	      9,1997,NEW YORK	      9 1997,2251,
NORTH CAROLINA,1997,NORTH CAROLINA 1997,152,1221
NORTH CAROLINA,1998,NORTH CAROLINA 1998,1180,1596
NORTH CAROLINA,1999,NORTH CAROLINA 1999,1296,1325
NORTH CAROLINA,2000,NORTH CAROLINA 2000,1652,1346
NORTH CAROLINA,2001,NORTH CAROLINA 2001,1108,1385
NORTH CAROLINA,2002,NORTH CAROLINA 2002,1413,1636
NORTH CAROLINA,2003,NORTH CAROLINA 2003,1276,1286
NORTH CAROLINA,2004,NORTH CAROLINA 2004,1204,1480
NORTH CAROLINA,2005,NORTH CAROLINA 2005,1326,1572.0
NORTH CAROLINA,2006,NORTH CAROLINA 2006,1278,1463.0
NORTH CAROLINA,2007,NORTH CAROLINA 2007,1138,1743.0
NORTH CAROLINA,2008,NORTH CAROLINA 2008,1394,1546.0
NORTH CAROLINA,2009,NORTH CAROLINA 2009,1368,1509.0
NORTH CAROLINA,2010,NORTH CAROLINA 2010,1573,1946.0
NORTH CAROLINA,2011,NORTH CAROLINA 2011,1199,1788.0
NORTH CAROLINA,2012,NORTH CAROLINA 2012,1333,1627.0
NORTH CAROLINA,2013,NORTH CAROLINA 2013,1355,1451.0
NORTH CAROLINA,2014,NORTH CAROLINA 2014,1356,1523.0
NORTH CAROLINA,2015,NORTH CAROLINA 2015,907,1702.0
NORTH CAROLINA,2016,NORTH CAROLINA 2016,1149,1887.0
NORTH CAROLINA,2017,NORTH CAROLINA 2017,1367,1587.0
NORTH CAROLINA,2018,NORTH CAROLINA 2018,1345,1855.0
NORTH CAROLINA,2019,NORTH CAROLINA 2019,1249,1816.0
NORTH CAROLINA,2020,NORTH CAROLINA 2020,1200,1590.0
NORTH DAKOTA,1997,NORTH DAKOTA 1997,337,419
NORTH DAKOTA,1998,NORTH DAKOTA 1998,3325,514
NORTH DAKOTA,1999,NORTH DAKOTA 1999,3225,363
NORTH DAKOTA,2000,NORTH DAKOTA 2000,4087,398
NORTH DAKOTA,2001,NORTH DAKOTA 2001,3243,516
NORTH DAKOTA,2002,NORTH DAKOTA 2002,3708,550
NORTH DAKOTA,2003,NORTH DAKOTA 2003,3549,551
NORTH DAKOTA,2004,NORTH DAKOTA 2004,3375,261
NORTH DAKOTA,2005,NORTH DAKOTA 2005,3361,448.0
NORTH DAKOTA,2006,NORTH DAKOTA 2006,3509,579.0
NORTH DAKOTA,2007,NORTH DAKOTA 2007,3628,546.0
NORTH DAKOTA,2008,NORTH DAKOTA 2008,3872,388.0
NORTH DAKOTA,2009,NORTH DAKOTA 2009,3740,358.0
NORTH DAKOTA,2010,NORTH DAKOTA 2010,3725,448.0
NORTH DAKOTA,2011,NORTH DAKOTA 2011,3150,507.0
NORTH DAKOTA,2012,NORTH DAKOTA 2012,3765,597.0
NORTH DAKOTA,2013,NORTH DAKOTA 2013,3962,514.0
NORTH DAKOTA,2014,NORTH DAKOTA 2014,3685,421.0
NORTH DAKOTA,2015,NORTH DAKOTA 2015,3085,554.0
NORTH DAKOTA,2016,NORTH DAKOTA 2016,3252,495.0
NORTH DAKOTA,2017,NORTH DAKOTA 2017,3636,488.0
NORTH DAKOTA,2018,NORTH DAKOTA 2018,3866,577.0
NORTH DAKOTA,2019,NORTH DAKOTA 2019,3843,440.0
NORTH DAKOTA,2020,NORTH DAKOTA 2020,3426,571.0
OHIO,1998,OHIO 1998,1955,892
OHIO,1999,OHIO 1999,2000,852
OHIO,2000,OHIO 2000,2501,673
OHIO,2001,OHIO 2001,1823,759
OHIO,2002,OHIO 2002,2258,1048
OHIO,2003,OHIO 2003,2062,599
OHIO,2004,OHIO 2004,2058,641
OHIO,2005,OHIO 2005,2144,967.0
OHIO,2006,OHIO 2006,2050,742.0
OHIO,2007,OHIO 2007,2017,970.0
OHIO,2008,OHIO 2008,2313,724.0
OHIO,2009,OHIO 2009,2250,623.0
OHIO,2010,OHIO 2010,2352,1033.0
OHIO,2011,OHIO 2011,1909,955.0
OHIO,2012,OHIO 2012,2144,996.0
OHIO,2013,OHIO 2013,2311,820.0
OHIO,2014,OHIO 2014,2288,727.0
OHIO,2015,OHIO 2015,1630,847.0
OHIO,2016,OHIO 2016,1857,1144.0
OHIO,2017,OHIO 2017,2192,805.0
OHIO,2018,OHIO 2018,2157,1148.0
OHIO,2019,OHIO 2019,2016,1012.0
OHIO,2020,OHIO 2020,1978,955.0
OHIO		     1002,1997,OHIO		     1002 1997,2394,
OKLAHOMA,1998,OKLAHOMA 1998,1158,2482
OKLAHOMA,1999,OKLAHOMA 1999,1138,1907
OKLAHOMA,2000,OKLAHOMA 2000,1836,2151
OKLAHOMA,2001,OKLAHOMA 2001,1220,2113
OKLAHOMA,2002,OKLAHOMA 2002,1494,1935
OKLAHOMA,2003,OKLAHOMA 2003,1265,1888
OKLAHOMA,2004,OKLAHOMA 2004,1199,1767
OKLAHOMA,2005,OKLAHOMA 2005,1329,2167.0
OKLAHOMA,2006,OKLAHOMA 2006,1413,2311.0
OKLAHOMA,2007,OKLAHOMA 2007,1405,1877.0
OKLAHOMA,2008,OKLAHOMA 2008,1520,1727.0
OKLAHOMA,2009,OKLAHOMA 2009,1624,1678.0
OKLAHOMA,2010,OKLAHOMA 2010,1384,2149.0
OKLAHOMA,2011,OKLAHOMA 2011,1414,2513.0
OKLAHOMA,2012,OKLAHOMA 2012,1352,2324.0
OKLAHOMA,2013,OKLAHOMA 2013,1690,1894.0
OKLAHOMA,2014,OKLAHOMA 2014,1480,1832.0
OKLAHOMA,2015,OKLAHOMA 2015,1142,1919.0
OKLAHOMA,2016,OKLAHOMA 2016,1173,2131.0
OKLAHOMA,2017,OKLAHOMA 2017,1310,1850.0
OKLAHOMA,2018,OKLAHOMA 2018,1560,2057.0
OKLAHOMA,2019,OKLAHOMA 2019,1468,1998.0
OKLAHOMA,2020,OKLAHOMA 2020,1456,1723.0
OKLAHOMA	      7,1997,OKLAHOMA	      7 1997,1516,
OREGON,1998,OREGON 1998,2056,319
OREGON,1999,OREGON 1999,1937,212
OREGON,2000,OREGON 2000,2097,343
OREGON,2001,OREGON 2001,1888,351
OREGON,2002,OREGON 2002,1889,397
OREGON,2003,OREGON 2003,1763,525
OREGON,2004,OREGON 2004,1867,459
OREGON,2005,OREGON 2005,2020,386.0
OREGON,2006,OREGON 2006,2095,487.0
OREGON,2007,OREGON 2007,2271,314.0
OREGON,2008,OREGON 2008,2099,364.0
OREGON,2009,OREGON 2009,2235,431.0
OREGON,2010,OREGON 2010,2162,288.0
OREGON,2011,OREGON 2011,2164,284.0
OREGON,2012,OREGON 2012,1981,345.0
OREGON,2013,OREGON 2013,2128,465.0
OREGON,2014,OREGON 2014,1728,497.0
OREGON,2015,OREGON 2015,1981,514.0
OREGON,2016,OREGON 2016,2095,395.0
OREGON,2017,OREGON 2017,2069,518.0
OREGON,2018,OREGON 2018,2030,404.0
OREGON,2019,OREGON 2019,2178,340.0
OREGON,2020,OREGON 2020,1951,416.0
OREGON	      819,1997,OREGON	      819 1997,2024,
PENNSYLVANIA,1997,PENNSYLVANIA 1997,239,490
PENNSYLVANIA,1998,PENNSYLVANIA 1998,2013,692
PENNSYLVANIA,1999,PENNSYLVANIA 1999,2007,721
PENNSYLVANIA,2000,PENNSYLVANIA 2000,2506,592
PENNSYLVANIA,2001,PENNSYLVANIA 2001,1854,631
PENNSYLVANIA,2002,PENNSYLVANIA 2002,2276,857
PENNSYLVANIA,2003,PENNSYLVANIA 2003,2068,602
PENNSYLVANIA,2004,PENNSYLVANIA 2004,2052,597
PENNSYLVANIA,2005,PENNSYLVANIA 2005,2088,890.0
PENNSYLVANIA,2006,PENNSYLVANIA 2006,1961,668.0
PENNSYLVANIA,2007,PENNSYLVANIA 2007,2041,841.0
PENNSYLVANIA,2008,PENNSYLVANIA 2008,2304,690.0
PENNSYLVANIA,2009,PENNSYLVANIA 2009,2217,594.0
PENNSYLVANIA,2010,PENNSYLVANIA 2010,2299,998.0
PENNSYLVANIA,2011,PENNSYLVANIA 2011,1913,937.0
PENNSYLVANIA,2012,PENNSYLVANIA 2012,2121,897.0
PENNSYLVANIA,2013,PENNSYLVANIA 2013,2282,792.0
PENNSYLVANIA,2014,PENNSYLVANIA 2014,2197,626.0
PENNSYLVANIA,2015,PENNSYLVANIA 2015,1656,856.0
PENNSYLVANIA,2016,PENNSYLVANIA 2016,1886,1067.0
PENNSYLVANIA,2017,PENNSYLVANIA 2017,2179,771.0
PENNSYLVANIA,2018,PENNSYLVANIA 2018,2138,998.0
PENNSYLVANIA,2019,PENNSYLVANIA 2019,2099,880.0
PENNSYLVANIA,2020,PENNSYLVANIA 2020,1939,932.0
RHODE ISLAND,1997,RHODE ISLAND 1997,219,483
RHODE ISLAND,1998,RHODE ISLAND 1998,1914,531
RHODE ISLAND,1999,RHODE ISLAND 1999,1888,663
RHODE ISLAND,2000,RHODE ISLAND 2000,2261,446
RHODE ISLAND,2001,RHODE ISLAND 2001,1795,573
RHODE ISLAND,2002,RHODE ISLAND 2002,2085,706
RHODE ISLAND,2003,RHODE ISLAND 2003,1924,564
RHODE ISLAND,2004,RHODE ISLAND 2004,2052,447
RHODE ISLAND,2005,RHODE ISLAND 2005,1977,760.0
RHODE ISLAND,2006,RHODE ISLAND 2006,1890,606.0
RHODE ISLAND,2007,RHODE ISLAND 2007,2110,687.0
RHODE ISLAND,2008,RHODE ISLAND 2008,2232,612.0
RHODE ISLAND,2009,RHODE ISLAND 2009,2251,427.0
RHODE ISLAND,2010,RHODE ISLAND 2010,2184,802.0
RHODE ISLAND,2011,RHODE ISLAND 2011,1738,732.0
RHODE ISLAND,2012,RHODE ISLAND 2012,2001,685.0
RHODE ISLAND,2013,RHODE ISLAND 2013,2217,685.0
RHODE ISLAND,2014,RHODE ISLAND 2014,2009,503.0
RHODE ISLAND,2015,RHODE ISLAND 2015,1609,722.0
RHODE ISLAND,2016,RHODE ISLAND 2016,1767,996.0
RHODE ISLAND,2017,RHODE ISLAND 2017,2054,681.0
RHODE ISLAND,2018,RHODE ISLAND 2018,2141,847.0
RHODE ISLAND,2019,RHODE ISLAND 2019,2145,665.0
RHODE ISLAND,2020,RHODE ISLAND 2020,1852,803.0
SOUTH CAROLINA,1998,SOUTH CAROLINA 1998,859,2056
SOUTH CAROLINA,1999,SOUTH CAROLINA 1999,1024,1787
SOUTH CAROLINA,2000,SOUTH CAROLINA 2000,1420,1864
SOUTH CAROLINA,2001,SOUTH CAROLINA 2001,918,1759
SOUTH CAROLINA,2002,SOUTH CAROLINA 2002,1154,2048
SOUTH CAROLINA,2003,SOUTH CAROLINA 2003,1107,1680
SOUTH CAROLINA,2004,SOUTH CAROLINA 2004,1035,1892
SOUTH CAROLINA,2005,SOUTH CAROLINA 2005,1110,1918.0
SOUTH CAROLINA,2006,SOUTH CAROLINA 2006,1025,1878.0
SOUTH CAROLINA,2007,SOUTH CAROLINA 2007,893,2041.0
SOUTH CAROLINA,2008,SOUTH CAROLINA 2008,1141,1874.0
SOUTH CAROLINA,2009,SOUTH CAROLINA 2009,1129,1830.0
SOUTH CAROLINA,2010,SOUTH CAROLINA 2010,1316,2236.0
SOUTH CAROLINA,2011,SOUTH CAROLINA 2011,1000,2154.0
SOUTH CAROLINA,2012,SOUTH CAROLINA 2012,1024,1976.0
SOUTH CAROLINA,2013,SOUTH CAROLINA 2013,1070,1744.0
SOUTH CAROLINA,2014,SOUTH CAROLINA 2014,1110,1927.0
SOUTH CAROLINA,2015,SOUTH CAROLINA 2015,661,2109.0
SOUTH CAROLINA,2016,SOUTH CAROLINA 2016,883,2384.0
SOUTH CAROLINA,2017,SOUTH CAROLINA 2017,1046,2051.0
SOUTH CAROLINA,2018,SOUTH CAROLINA 2018,1065,2256.0
SOUTH CAROLINA,2019,SOUTH CAROLINA 2019,971,2275.0
SOUTH CAROLINA,2020,SOUTH CAROLINA 2020,954,1994.0
SOUTH COROLINA,1997,SOUTH COROLINA 1997,123,
SOUTH DAKOTA,1997,SOUTH DAKOTA 1997,286,639
SOUTH DAKOTA,1998,SOUTH DAKOTA 1998,2656,743
SOUTH DAKOTA,1999,SOUTH DAKOTA 1999,2572,640
SOUTH DAKOTA,2000,SOUTH DAKOTA 2000,3451,716
SOUTH DAKOTA,2001,SOUTH DAKOTA 2001,2611,834
SOUTH DAKOTA,2002,SOUTH DAKOTA 2002,3019,949
SOUTH DAKOTA,2003,SOUTH DAKOTA 2003,2880,751
SOUTH DAKOTA,2004,SOUTH DAKOTA 2004,2685,490
SOUTH DAKOTA,2005,SOUTH DAKOTA 2005,2801,803.0
SOUTH DAKOTA,2006,SOUTH DAKOTA 2006,2958,816.0
SOUTH DAKOTA,2007,SOUTH DAKOTA 2007,2913,902.0
SOUTH DAKOTA,2008,SOUTH DAKOTA 2008,3177,620.0
SOUTH DAKOTA,2009,SOUTH DAKOTA 2009,3314,502.0
SOUTH DAKOTA,2010,SOUTH DAKOTA 2010,2980,745.0
SOUTH DAKOTA,2011,SOUTH DAKOTA 2011,2706,802.0
SOUTH DAKOTA,2012,SOUTH DAKOTA 2012,2947,1030.0
SOUTH DAKOTA,2013,SOUTH DAKOTA 2013,3271,800.0
SOUTH DAKOTA,2014,SOUTH DAKOTA 2014,3100,591.0
SOUTH DAKOTA,2015,SOUTH DAKOTA 2015,2613,743.0
SOUTH DAKOTA,2016,SOUTH DAKOTA 2016,2683,813.0
SOUTH DAKOTA,2017,SOUTH DAKOTA 2017,2935,727.0
SOUTH DAKOTA,2018,SOUTH DAKOTA 2018,3134,832.0
SOUTH DAKOTA,2019,SOUTH DAKOTA 2019,3095,709.0
SOUTH DAKOTA,2020,SOUTH DAKOTA 2020,2840,858.0
TENNESSEE,1997,TENNESSEE 1997,1767,1125
TENNESSEE,1998,TENNESSEE 1998,1302,1662
TENNESSEE,1999,TENNESSEE 1999,1363,1386
TENNESSEE,2000,TENNESSEE 2000,1821,1539
TENNESSEE,2001,TENNESSEE 2001,1351,1381
TENNESSEE,2002,TENNESSEE 2002,1570,1600
TENNESSEE,2003,TENNESSEE 2003,1482,1233
TENNESSEE,2004,TENNESSEE 2004,1346,1339
TENNESSEE,2005,TENNESSEE 2005,1545,1587.0
TENNESSEE,2006,TENNESSEE 2006,1551,1561.0
TENNESSEE,2007,TENNESSEE 2007,1341,1736.0
TENNESSEE,2008,TENNESSEE 2008,1669,1396.0
TENNESSEE,2009,TENNESSEE 2009,1604,1288.0
TENNESSEE,2010,TENNESSEE 2010,1701,1776.0
TENNESSEE,2011,TENNESSEE 2011,1465,1574.0
TENNESSEE,2012,TENNESSEE 2012,1545,1536.0
TENNESSEE,2013,TENNESSEE 2013,1662,1299.0
TENNESSEE,2014,TENNESSEE 2014,1653,1317.0
TENNESSEE,2015,TENNESSEE 2015,1089,1437.0
TENNESSEE,2016,TENNESSEE 2016,1275,1721.0
TENNESSEE,2017,TENNESSEE 2017,1548,1350.0
TENNESSEE,2018,TENNESSEE 2018,1559,1700.0
TENNESSEE,2019,TENNESSEE 2019,1447,1604.0
TENNESSEE,2020,TENNESSEE 2020,1463,1403.0
TEXAS,1998,TEXAS 1998,624,3058
TEXAS,1999,TEXAS 1999,676,2675
TEXAS,2000,TEXAS 2000,1074,3090
TEXAS,2001,TEXAS 2001,714,2759
TEXAS,2002,TEXAS 2002,812,2764
TEXAS,2003,TEXAS 2003,662,2763
TEXAS,2004,TEXAS 2004,686,2728
TEXAS,2005,TEXAS 2005,731,2997.0
TEXAS,2006,TEXAS 2006,690,3108.0
TEXAS,2007,TEXAS 2007,669,2707.0
TEXAS,2008,TEXAS 2008,746,2719.0
TEXAS,2009,TEXAS 2009,886,2881.0
TEXAS,2010,TEXAS 2010,697,2884.0
TEXAS,2011,TEXAS 2011,740,3440.0
TEXAS,2012,TEXAS 2012,636,3135.0
TEXAS,2013,TEXAS 2013,941,2882.0
TEXAS,2014,TEXAS 2014,743,2746.0
TEXAS,2015,TEXAS 2015,542,2942.0
TEXAS,2016,TEXAS 2016,513,3112.0
TEXAS,2017,TEXAS 2017,674,3008.0
TEXAS,2018,TEXAS 2018,816,2921.0
TEXAS,2019,TEXAS 2019,748,3046.0
TEXAS,2020,TEXAS 2020,644,3004.0
TEXAS	      549,1997,TEXAS	      549 1997,937,
UTAH,1998,UTAH 1998,2524,704
UTAH,1999,UTAH 1999,2321,653
UTAH,2000,UTAH 2000,2772,950
UTAH,2001,UTAH 2001,2410,1025
UTAH,2002,UTAH 2002,2595,910
UTAH,2003,UTAH 2003,2439,991
UTAH,2004,UTAH 2004,2555,704
UTAH,2005,UTAH 2005,2467,755.0
UTAH,2006,UTAH 2006,2657,890.0
UTAH,2007,UTAH 2007,2569,1069.0
UTAH,2008,UTAH 2008,2392,831.0
UTAH,2009,UTAH 2009,2730,754.0
UTAH,2010,UTAH 2010,2303,787.0
UTAH,2011,UTAH 2011,2432,814.0
UTAH,2012,UTAH 2012,2217,1004.0
UTAH,2013,UTAH 2013,2632,1144.0
UTAH,2014,UTAH 2014,2073,910.0
UTAH,2015,UTAH 2015,2350,826.0
UTAH,2016,UTAH 2016,2197,903.0
UTAH,2017,UTAH 2017,2498,849.0
UTAH,2018,UTAH 2018,2587,884.0
UTAH,2019,UTAH 2019,2722,701.0
UTAH,2020,UTAH 2020,2512,840.0
UTAH		     1211,1997,UTAH		     1211 1997,2568,
VERMONT,1998,VERMONT 1998,2714,270
VERMONT,1999,VERMONT 1999,2752,449
VERMONT,2000,VERMONT 2000,3234,195
VERMONT,2001,VERMONT 2001,2600,351
VERMONT,2002,VERMONT 2002,3051,398
VERMONT,2003,VERMONT 2003,2851,368
VERMONT,2004,VERMONT 2004,3012,214
VERMONT,2005,VERMONT 2005,2808,462.0
VERMONT,2006,VERMONT 2006,2759,329.0
VERMONT,2007,VERMONT 2007,3093,257.0
VERMONT,2008,VERMONT 2008,3133,219.0
VERMONT,2009,VERMONT 2009,3168,200.0
VERMONT,2010,VERMONT 2010,3146,385.0
VERMONT,2011,VERMONT 2011,2667,303.0
VERMONT,2012,VERMONT 2012,2886,338.0
VERMONT,2013,VERMONT 2013,3202,368.0
VERMONT,2014,VERMONT 2014,2974,215.0
VERMONT,2015,VERMONT 2015,2555,294.0
VERMONT,2016,VERMONT 2016,2767,381.0
VERMONT,2017,VERMONT 2017,2985,295.0
VERMONT,2018,VERMONT 2018,3090,491.0
VERMONT,2019,VERMONT 2019,3080,282.0
VERMONT,2020,VERMONT 2020,2789,440.0
VERMONT	     123,1997,VERMONT	     123 1997,3160,
VIRGINIA,1998,VIRGINIA 1998,1520,1186
VIRGINIA,1999,VIRGINIA 1999,1510,1039
VIRGINIA,2000,VIRGINIA 2000,1956,1026
VIRGINIA,2001,VIRGINIA 2001,1386,1055
VIRGINIA,2002,VIRGINIA 2002,1719,1369
VIRGINIA,2003,VIRGINIA 2003,1548,1057
VIRGINIA,2004,VIRGINIA 2004,1509,1208
VIRGINIA,2005,VIRGINIA 2005,1568,1304.0
VIRGINIA,2006,VIRGINIA 2006,1491,1214.0
VIRGINIA,2007,VIRGINIA 2007,1439,1361.0
VIRGINIA,2008,VIRGINIA 2008,1700,1146.0
VIRGINIA,2009,VIRGINIA 2009,1661,1110.0
VIRGINIA,2010,VIRGINIA 2010,1824,1577.0
VIRGINIA,2011,VIRGINIA 2011,1447,1408.0
VIRGINIA,2012,VIRGINIA 2012,1631,1349.0
VIRGINIA,2013,VIRGINIA 2013,1657,1234.0
VIRGINIA,2014,VIRGINIA 2014,1635,1138.0
VIRGINIA,2015,VIRGINIA 2015,1145,1331.0
VIRGINIA,2016,VIRGINIA 2016,1382,1548.0
VIRGINIA,2017,VIRGINIA 2017,1600,1323.0
VIRGINIA,2018,VIRGINIA 2018,1624,1578.0
VIRGINIA,2019,VIRGINIA 2019,1532,1546.0
VIRGINIA,2020,VIRGINIA 2020,1410,1319.0
VIRGINIA	      8,1997,VIRGINIA	      8 1997,1811,
WASHINGTON,1997,WASHINGTON 1997,226,156
WASHINGTON,1998,WASHINGTON 1998,2285,228
WASHINGTON,1999,WASHINGTON 1999,2170,118
WASHINGTON,2000,WASHINGTON 2000,2438,236
WASHINGTON,2001,WASHINGTON 2001,2233,238
WASHINGTON,2002,WASHINGTON 2002,2144,268
WASHINGTON,2003,WASHINGTON 2003,2110,383
WASHINGTON,2004,WASHINGTON 2004,2121,354
WASHINGTON,2005,WASHINGTON 2005,2211,284.0
WASHINGTON,2006,WASHINGTON 2006,2284,379.0
WASHINGTON,2007,WASHINGTON 2007,2378,267.0
WASHINGTON,2008,WASHINGTON 2008,2378,254.0
WASHINGTON,2009,WASHINGTON 2009,2364,363.0
WASHINGTON,2010,WASHINGTON 2010,2306,227.0
WASHINGTON,2011,WASHINGTON 2011,2358,223.0
WASHINGTON,2012,WASHINGTON 2012,2137,274.0
WASHINGTON,2013,WASHINGTON 2013,2275,392.0
WASHINGTON,2014,WASHINGTON 2014,1891,391.0
WASHINGTON,2015,WASHINGTON 2015,2142,454.0
WASHINGTON,2016,WASHINGTON 2016,2101,347.0
WASHINGTON,2017,WASHINGTON 2017,2229,406.0
WASHINGTON,2018,WASHINGTON 2018,2127,358.0
WASHINGTON,2019,WASHINGTON 2019,2268,325.0
WASHINGTON,2020,WASHINGTON 2020,2134,314.0
WEST VIRGINIA,1997,WEST VIRGINIA 1997,227,536
WEST VIRGINIA,1998,WEST VIRGINIA 1998,1910,760
WEST VIRGINIA,1999,WEST VIRGINIA 1999,1913,759
WEST VIRGINIA,2000,WEST VIRGINIA 2000,2341,745
WEST VIRGINIA,2001,WEST VIRGINIA 2001,1775,785
WEST VIRGINIA,2002,WEST VIRGINIA 2002,2000,1018
WEST VIRGINIA,2003,WEST VIRGINIA 2003,1954,681
WEST VIRGINIA,2004,WEST VIRGINIA 2004,1768,847
WEST VIRGINIA,2005,WEST VIRGINIA 2005,1947,1010.0
WEST VIRGINIA,2006,WEST VIRGINIA 2006,1899,838.0
WEST VIRGINIA,2007,WEST VIRGINIA 2007,1762,1039.0
WEST VIRGINIA,2008,WEST VIRGINIA 2008,2079,785.0
WEST VIRGINIA,2009,WEST VIRGINIA 2009,1992,756.0
WEST VIRGINIA,2010,WEST VIRGINIA 2010,2215,1111.0
WEST VIRGINIA,2011,WEST VIRGINIA 2011,1785,1023.0
WEST VIRGINIA,2012,WEST VIRGINIA 2012,2006,1040.0
WEST VIRGINIA,2013,WEST VIRGINIA 2013,2049,880.0
WEST VIRGINIA,2014,WEST VIRGINIA 2014,2045,826.0
WEST VIRGINIA,2015,WEST VIRGINIA 2015,1422,972.0
WEST VIRGINIA,2016,WEST VIRGINIA 2016,1672,1148.0
WEST VIRGINIA,2017,WEST VIRGINIA 2017,1938,896.0
WEST VIRGINIA,2018,WEST VIRGINIA 2018,1941,1239.0
WEST VIRGINIA,2019,WEST VIRGINIA 2019,1803,1128.0
WEST VIRGINIA,2020,WEST VIRGINIA 2020,1800,1010.0
WISCONSIN,1997,WISCONSIN 1997,287,344
WISCONSIN,1998,WISCONSIN 1998,2367,617
WISCONSIN,1999,WISCONSIN 1999,2614,567
WISCONSIN,2000,WISCONSIN 2000,3187,444
WISCONSIN,2001,WISCONSIN 2001,2408,586
WISCONSIN,2002,WISCONSIN 2002,2850,668
WISCONSIN,2003,WISCONSIN 2003,2679,496
WISCONSIN,2004,WISCONSIN 2004,2653,358
WISCONSIN,2005,WISCONSIN 2005,2729,726.0
WISCONSIN,2006,WISCONSIN 2006,2792,589.0
WISCONSIN,2007,WISCONSIN 2007,2852,598.0
WISCONSIN,2008,WISCONSIN 2008,3162,383.0
WISCONSIN,2009,WISCONSIN 2009,2981,271.0
WISCONSIN,2010,WISCONSIN 2010,2896,652.0
WISCONSIN,2011,WISCONSIN 2011,2652,582.0
WISCONSIN,2012,WISCONSIN 2012,2835,754.0
WISCONSIN,2013,WISCONSIN 2013,3273,475.0
WISCONSIN,2014,WISCONSIN 2014,3135,341.0
WISCONSIN,2015,WISCONSIN 2015,2328,430.0
WISCONSIN,2016,WISCONSIN 2016,2473,581.0
WISCONSIN,2017,WISCONSIN 2017,2901,441.0
WISCONSIN,2018,WISCONSIN 2018,2971,637.0
WISCONSIN,2019,WISCONSIN 2019,2919,466.0
WISCONSIN,2020,WISCONSIN 2020,2761,600.0
WYOMING,1997,WYOMING 1997,341,207
WYOMING,1998,WYOMING 1998,3089,314
WYOMING,1999,WYOMING 1999,2881,269
WYOMING,2000,WYOMING 2000,3677,476
WYOMING,2001,WYOMING 2001,3007,540
WYOMING,2002,WYOMING 2002,3406,476
WYOMING,2003,WYOMING 2003,3189,502
WYOMING,2004,WYOMING 2004,3203,282
WYOMING,2005,WYOMING 2005,3117,418.0
WYOMING,2006,WYOMING 2006,3189,515.0
WYOMING,2007,WYOMING 2007,3127,514.0
WYOMING,2008,WYOMING 2008,3196,339.0
WYOMING,2009,WYOMING 2009,3566,267.0
WYOMING,2010,WYOMING 2010,3043,320.0
WYOMING,2011,WYOMING 2011,3066,406.0
WYOMING,2012,WYOMING 2012,2970,512.0
WYOMING,2013,WYOMING 2013,3202,521.0
WYOMING,2014,WYOMING 2014,2973,342.0
WYOMING,2015,WYOMING 2015,2979,385.0
WYOMING,2016,WYOMING 2016,3010,393.0
WYOMING,2017,WYOMING 2017,3085,417.0
WYOMING,2018,WYOMING 2018,3256,379.0
WYOMING,2019,WYOMING 2019,3353,356.0
WYOMING,2020,WYOMING 2020,3049,447.0
